SMILES,Label,final_smiles,InChI
[NH4+].[NH4+].[O-][Cr](=O)(=O)O[Cr](=O)(=O)[O-],0,[O]=[Cr](=[O])([O-])[O][Cr](=[O])(=[O])[O-],InChI=1S/2Cr.7O/q;;;;;;;2*-1
[O-][Cr](=O)(=O)O[Cr](=O)(=O)[O-].[Na+].[Na+],0,[O]=[Cr](=[O])([O-])[O][Cr](=[O])(=[O])[O-],InChI=1S/2Cr.7O/q;;;;;;;2*-1
[O-]Br(=O)=O.[K+],0,[O-][Br+2]([O-])[O-],InChI=1S/BrO3/c2-1(3)4/q-1
CC(=CC1=CC=CC=C1)C=O,1,CC(C=O)=CC1=CC=CC=C1,"InChI=1S/C10H10O/c1-9(8-11)7-10-5-3-2-4-6-10/h2-8H,1H3"
CC=CC1=CC=C(C=C1)OC,1,CC=CC1=CC=C(OC)C=C1,"InChI=1S/C10H12O/c1-3-4-9-5-7-10(11-2)8-6-9/h3-8H,1-2H3"
CC=CC1=CC(=C(C=C1)O)OC,1,CC=CC1=CC(OC)=C(O)C=C1,"InChI=1S/C10H12O2/c1-3-4-8-5-6-9(11)10(7-8)12-2/h3-7,11H,1-2H3"
CC1CCC2=C(C(=O)OC2=C1)C,1,CC1=C2CCC(C)C=C2OC1=O,"InChI=1S/C10H12O2/c1-6-3-4-8-7(2)10(11)12-9(8)5-6/h5-6H,3-4H2,1-2H3"
CC(C1=CC=CC=C1)OC(=O)C,1,CC(=O)OC(C)C1=CC=CC=C1,"InChI=1S/C10H12O2/c1-8(12-9(2)11)10-6-4-3-5-7-10/h3-8H,1-2H3"
C1=NC(=O)C2=C(N1)N(C=N2)[C@H]3[C@@H]([C@@H]([C@H](O3)COP(=O)([O-])[O-])O)O.[K+].[K+],0,O=C1N=CNC2=C1N=CN2C1OC(COP(=O)([O-])[O-])C(O)C1O,"InChI=1S/C10H13N4O8P/c15-6-4(1-21-23(18,19)20)22-10(7(6)16)14-3-13-5-8(14)11-2-12-9(5)17/h2-4,6-7,10,15-16H,1H2,(H,11,12,17)(H2,18,19,20)/p-2"
C1=NC2=C(C(=O)N1)N=CN2C3C(C(C(O3)COP(=O)([O-])[O-])O)O.[Na+].[Na+],0,O=C1NC=NC2=C1N=CN2C1OC(COP(=O)([O-])[O-])C(O)C1O,"InChI=1S/C10H13N4O8P/c15-6-4(1-21-23(18,19)20)22-10(7(6)16)14-3-13-5-8(14)11-2-12-9(5)17/h2-4,6-7,10,15-16H,1H2,(H,11,12,17)(H2,18,19,20)/p-2"
CC1=CN(C(=O)NC1=O)[C@H]2C[C@H]([C@H](O2)CO)N=[N+]=[N-],0,CC1=CN(C2CC(N=[N+]=[N-])C(CO)O2)C(=O)NC1=O,"InChI=1S/C10H13N5O4/c1-5-3-15(10(18)12-9(5)17)8-2-6(13-14-11)7(4-16)19-8/h3,6-8,16H,2,4H2,1H3,(H,12,17,18)"
C[C@](CC1=CC(=C(C=C1)O)O)(C(=O)O)N,0,CC(N)(CC1=CC(O)=C(O)C=C1)C(=O)O,"InChI=1S/C10H13NO4/c1-10(11,9(14)15)5-6-2-3-7(12)8(13)4-6/h2-4,12-13H,5,11H2,1H3,(H,14,15)"
C[C@@](CC1=CC(=C(C=C1)O)O)(C(=O)O)N,0,CC(N)(CC1=CC(O)=C(O)C=C1)C(=O)O,"InChI=1S/C10H13NO4/c1-10(11,9(14)15)5-6-2-3-7(12)8(13)4-6/h2-4,12-13H,5,11H2,1H3,(H,14,15)"
C1=NC2=C(N1[C@H]3[C@@H]([C@@H]([C@H](O3)COP(=O)([O-])[O-])O)O)NC(=NC2=O)N.[K+].[K+],0,NC1=NC(=O)C2=C(N1)N(C1OC(COP(=O)([O-])[O-])C(O)C1O)C=N2,"InChI=1S/C10H14N5O8P/c11-10-13-7-4(8(18)14-10)12-2-15(7)9-6(17)5(16)3(23-9)1-22-24(19,20)21/h2-3,5-6,9,16-17H,1H2,(H2,19,20,21)(H3,11,13,14,18)/p-2"
C1=NC2=C(N1[C@H]3[C@@H]([C@@H]([C@H](O3)COP(=O)([O-])[O-])O)O)NC(=NC2=O)N.[Na+].[Na+],0,NC1=NC(=O)C2=C(N1)N(C1OC(COP(=O)([O-])[O-])C(O)C1O)C=N2,"InChI=1S/C10H14N5O8P/c11-10-13-7-4(8(18)14-10)12-2-15(7)9-6(17)5(16)3(23-9)1-22-24(19,20)21/h2-3,5-6,9,16-17H,1H2,(H2,19,20,21)(H3,11,13,14,18)/p-2"
CC1(C2CC=C(C1C2)C=O)C,1,CC1(C)C2CC=C(C=O)C1C2,"InChI=1S/C10H14O/c1-10(2)8-4-3-7(6-11)9(10)5-8/h3,6,8-9H,4-5H2,1-2H3"
CC1(C2CC=C(C1C2)C=O)C,1,CC1(C)C2CC=C(C=O)C1C2,"InChI=1S/C10H14O/c1-10(2)8-4-3-7(6-11)9(10)5-8/h3,6,8-9H,4-5H2,1-2H3"
CCC=CCC=CC=CC=O,1,CCC=CCC=CC=CC=O,"InChI=1S/C10H14O/c1-2-3-4-5-6-7-8-9-10-11/h3-4,6-10H,2,5H2,1H3"
CC1=CC(=O)C2CC1C2(C)C,1,CC1=CC(=O)C2CC1C2(C)C,"InChI=1S/C10H14O/c1-6-4-9(11)8-5-7(6)10(8,2)3/h4,7-8H,5H2,1-3H3"
CC1=CC(=O)C2CC1C2(C)C,1,CC1=CC(=O)C2CC1C2(C)C,"InChI=1S/C10H14O/c1-6-4-9(11)8-5-7(6)10(8,2)3/h4,7-8H,5H2,1-3H3"
CC1=CCC(CC1=O)C(=C)C,1,C=C(C)C1CC=C(C)C(=O)C1,"InChI=1S/C10H14O/c1-7(2)9-5-4-8(3)10(11)6-9/h4,9H,1,5-6H2,2-3H3"
CC1=CCC(CC1=O)C(=C)C,1,C=C(C)C1CC=C(C)C(=O)C1,"InChI=1S/C10H14O/c1-7(2)9-5-4-8(3)10(11)6-9/h4,9H,1,5-6H2,2-3H3"
CC1CCC2=C(C1)OC=C2C,1,CC1=COC2=C1CCC(C)C2,"InChI=1S/C10H14O/c1-7-3-4-9-8(2)6-11-10(9)5-7/h6-7H,3-5H2,1-2H3"
CC1CCC2=C(C1)OC=C2C,1,CC1=COC2=C1CCC(C)C2,"InChI=1S/C10H14O/c1-7-3-4-9-8(2)6-11-10(9)5-7/h6-7H,3-5H2,1-2H3"
CC(=C)C1CCC(=CC1)C=O,1,C=C(C)C1CC=C(C=O)CC1,"InChI=1S/C10H14O/c1-8(2)10-5-3-9(7-11)4-6-10/h3,7,10H,1,4-6H2,2H3"
CC(=C)C1CC2C(O2)(C(=O)C1)C,1,C=C(C)C1CC(=O)C2(C)OC2C1,"InChI=1S/C10H14O2/c1-6(2)7-4-8(11)10(3)9(5-7)12-10/h7,9H,1,4-5H2,2-3H3"
CC1C2CCC(=CC2OC1=O)C,1,CC1=CC2OC(=O)C(C)C2CC1,"InChI=1S/C10H14O2/c1-6-3-4-8-7(2)10(11)12-9(8)5-6/h5,7-9H,3-4H2,1-2H3"
CC(CC1=CC=CC=C1)NC,0,CNC(C)CC1=CC=CC=C1,"InChI=1S/C10H15N/c1-9(11-2)8-10-6-4-3-5-7-10/h3-7,9,11H,8H2,1-2H3"
CC(=CCCC(=CC#N)C)C,1,CC(C)=CCCC(C)=CC#N,"InChI=1S/C10H15N/c1-9(2)5-4-6-10(3)7-8-11/h5,7H,4,6H2,1-3H3"
CC(=CCC=C(C)C=C)C,1,C=CC(C)=CCC=C(C)C,"InChI=1S/C10H16/c1-5-10(4)8-6-7-9(2)3/h5,7-8H,1,6H2,2-4H3"
CC1=CCC2CC1C2(C)C,1,CC1=CCC2CC1C2(C)C,"InChI=1S/C10H16/c1-7-4-5-8-6-9(7)10(8,2)3/h4,8-9H,5-6H2,1-3H3"
CC1=CCC2CC1C2(C)C,1,CC1=CCC2CC1C2(C)C,"InChI=1S/C10H16/c1-7-4-5-8-6-9(7)10(8,2)3/h4,8-9H,5-6H2,1-3H3"
CC1(C2CCC(=C)C1C2)C,1,C=C1CCC2CC1C2(C)C,"InChI=1S/C10H16/c1-7-4-5-8-6-9(7)10(8,2)3/h8-9H,1,4-6H2,2-3H3"
CC1(C2CCC(=C)C1C2)C,1,C=C1CCC2CC1C2(C)C,"InChI=1S/C10H16/c1-7-4-5-8-6-9(7)10(8,2)3/h8-9H,1,4-6H2,2-3H3"
CC1(C2CCC(C2)C1=C)C,1,C=C1C2CCC(C2)C1(C)C,"InChI=1S/C10H16/c1-7-8-4-5-9(6-8)10(7,2)3/h8-9H,1,4-6H2,2-3H3"
CC1(C2CCC(C2)C1=C)C,1,C=C1C2CCC(C2)C1(C)C,"InChI=1S/C10H16/c1-7-8-4-5-9(6-8)10(7,2)3/h8-9H,1,4-6H2,2-3H3"
CC1=CCC(CC1)C(=C)C,1,C=C(C)C1CC=C(C)CC1,"InChI=1S/C10H16/c1-8(2)10-6-4-9(3)5-7-10/h4,10H,1,5-7H2,2-3H3"
CC1=CCC(CC1)C(=C)C,1,C=C(C)C1CC=C(C)CC1,"InChI=1S/C10H16/c1-8(2)10-6-4-9(3)5-7-10/h4,10H,1,5-7H2,2-3H3"
CC1=CCC(C=C1)C(C)C,1,CC1=CCC(C(C)C)C=C1,"InChI=1S/C10H16/c1-8(2)10-6-4-9(3)5-7-10/h4-6,8,10H,7H2,1-3H3"
C(C[NH+](CC(=O)[O-])CC(=O)[O-])[NH+](CC(=O)[O-])CC(=O)[O-].[Ca+2],0,O=C([O-])CN(CCN(CC(=O)O)CC(=O)O)CC(=O)[O-],"InChI=1S/C10H16N2O8/c13-7(14)3-11(4-8(15)16)1-2-12(5-9(17)18)6-10(19)20/h1-6H2,(H,13,14)(H,15,16)(H,17,18)(H,19,20)/p-2"
C(CN(CC(=O)O)CC(=O)[O-])N(CC(=O)O)CC(=O)[O-].O.O.[Na+].[Na+],0,O=C([O-])CN(CCN(CC(=O)[O-])CC(=O)O)CC(=O)O,"InChI=1S/C10H16N2O8/c13-7(14)3-11(4-8(15)16)1-2-12(5-9(17)18)6-10(19)20/h1-6H2,(H,13,14)(H,15,16)(H,17,18)(H,19,20)/p-2"
C(CN(CC(=O)[O-])CC(=O)[O-])N(CC(=O)[O-])CC(=O)[O-].O.O.[Na+].[Na+].[Ca+2],0,O=C([O-])CN(CCN(CC(=O)[O-])CC(=O)[O-])CC(=O)[O-],"InChI=1S/C10H16N2O8/c13-7(14)3-11(4-8(15)16)1-2-12(5-9(17)18)6-10(19)20/h1-6H2,(H,13,14)(H,15,16)(H,17,18)(H,19,20)/p-4"
C(CN(CC(=O)[O-])CC(=O)[O-])N(CC(=O)[O-])CC(=O)[O-].[Na+].[Na+].[Ca+2],0,O=C([O-])CN(CCN(CC(=O)[O-])CC(=O)[O-])CC(=O)[O-],"InChI=1S/C10H16N2O8/c13-7(14)3-11(4-8(15)16)1-2-12(5-9(17)18)6-10(19)20/h1-6H2,(H,13,14)(H,15,16)(H,17,18)(H,19,20)/p-4"
C(CN(CC(=O)[O-])CC(=O)[O-])N(CC(=O)[O-])CC(=O)[O-].O.[Na+].[Na+].[Ca+2],0,O=C([O-])CN(CCN(CC(=O)[O-])CC(=O)[O-])CC(=O)[O-],"InChI=1S/C10H16N2O8/c13-7(14)3-11(4-8(15)16)1-2-12(5-9(17)18)6-10(19)20/h1-6H2,(H,13,14)(H,15,16)(H,17,18)(H,19,20)/p-4"
C(C[NH+](CC(=O)[O-])CC(=O)[O-])[NH+](CC(=O)[O-])CC(=O)[O-].O.[Na+].[Na+].[Ca+2],0,O=C([O-])CN(CCN(CC(=O)[O-])CC(=O)[O-])CC(=O)[O-],"InChI=1S/C10H16N2O8/c13-7(14)3-11(4-8(15)16)1-2-12(5-9(17)18)6-10(19)20/h1-6H2,(H,13,14)(H,15,16)(H,17,18)(H,19,20)/p-4"
C(CN(CC(=O)[O-])CC(=O)[O-])N(CC(=O)[O-])CC(=O)[O-].[Ca+2].[Ca+2],0,O=C([O-])CN(CCN(CC(=O)[O-])CC(=O)[O-])CC(=O)[O-],"InChI=1S/C10H16N2O8/c13-7(14)3-11(4-8(15)16)1-2-12(5-9(17)18)6-10(19)20/h1-6H2,(H,13,14)(H,15,16)(H,17,18)(H,19,20)/p-4"
C(CN(CC(=O)[O-])CC(=O)[O-])N(CC(=O)[O-])CC(=O)[O-].[Na+].[Na+].[Mg+2],0,O=C([O-])CN(CCN(CC(=O)[O-])CC(=O)[O-])CC(=O)[O-],"InChI=1S/C10H16N2O8/c13-7(14)3-11(4-8(15)16)1-2-12(5-9(17)18)6-10(19)20/h1-6H2,(H,13,14)(H,15,16)(H,17,18)(H,19,20)/p-4"
CC1(C2CC=C(C1C2)CO)C,1,CC1(C)C2CC=C(CO)C1C2,"InChI=1S/C10H16O/c1-10(2)8-4-3-7(6-11)9(10)5-8/h3,8-9,11H,4-6H2,1-2H3"
CCCCCC=CC=CC=O,1,CCCCCC=CC=CC=O,"InChI=1S/C10H16O/c1-2-3-4-5-6-7-8-9-10-11/h6-10H,2-5H2,1H3"
CCCCCC=CC=CC=O,1,CCCCCC=CC=CC=O,"InChI=1S/C10H16O/c1-2-3-4-5-6-7-8-9-10-11/h6-10H,2-5H2,1H3"
CCCCCC=CC=CC=O,1,CCCCCC=CC=CC=O,"InChI=1S/C10H16O/c1-2-3-4-5-6-7-8-9-10-11/h6-10H,2-5H2,1H3"
CC(=C)C(CC=C(C)C=C)O,1,C=CC(C)=CCC(O)C(=C)C,"InChI=1S/C10H16O/c1-5-9(4)6-7-10(11)8(2)3/h5-6,10-11H,1-2,7H2,3-4H3"
CC1C2CC2(CC1=O)C(C)C,1,CC1C(=O)CC2(C(C)C)CC12,"InChI=1S/C10H16O/c1-6(2)10-4-8(10)7(3)9(11)5-10/h6-8H,4-5H2,1-3H3"
CC1=CC(C2CC1C2(C)C)O,1,CC1=CC(O)C2CC1C2(C)C,"InChI=1S/C10H16O/c1-6-4-9(11)8-5-7(6)10(8,2)3/h4,7-9,11H,5H2,1-3H3"
CC1C2CC(C2(C)C)CC1=O,1,CC1C(=O)CC2CC1C2(C)C,"InChI=1S/C10H16O/c1-6-8-4-7(5-9(6)11)10(8,2)3/h6-8H,4-5H2,1-3H3"
CC1(C2CC1C(=C)C(C2)O)C,1,C=C1C(O)CC2CC1C2(C)C,"InChI=1S/C10H16O/c1-6-8-4-7(5-9(6)11)10(8,2)3/h7-9,11H,1,4-5H2,2-3H3"
CC(=C)C1CCC2(C(C1)O2)C,1,C=C(C)C1CCC2(C)OC2C1,"InChI=1S/C10H16O/c1-7(2)8-4-5-10(3)9(6-8)11-10/h8-9H,1,4-6H2,2-3H3"
CC(=C)C1CCC2(C(C1)O2)C,1,C=C(C)C1CCC2(C)OC2C1,"InChI=1S/C10H16O/c1-7(2)8-4-5-10(3)9(6-8)11-10/h8-9H,1,4-6H2,2-3H3"
CC(=C)C1CCC2(C(C1)O2)C,1,C=C(C)C1CCC2(C)OC2C1,"InChI=1S/C10H16O/c1-7(2)8-4-5-10(3)9(6-8)11-10/h8-9H,1,4-6H2,2-3H3"
CC(=C)C1CCC2(C(C1)O2)C,1,C=C(C)C1CCC2(C)OC2C1,"InChI=1S/C10H16O/c1-7(2)8-4-5-10(3)9(6-8)11-10/h8-9H,1,4-6H2,2-3H3"
CC1=CCC(CC1O)C(=C)C,1,C=C(C)C1CC=C(C)C(O)C1,"InChI=1S/C10H16O/c1-7(2)9-5-4-8(3)10(11)6-9/h4,9-11H,1,5-6H2,2-3H3"
CC1=CCC(CC1O)C(=C)C,1,C=C(C)C1CC=C(C)C(O)C1,"InChI=1S/C10H16O/c1-7(2)9-5-4-8(3)10(11)6-9/h4,9-11H,1,5-6H2,2-3H3"
CC1CCC(CC1=O)C(=C)C,1,C=C(C)C1CCC(C)C(=O)C1,"InChI=1S/C10H16O/c1-7(2)9-5-4-8(3)10(11)6-9/h8-9H,1,4-6H2,2-3H3"
CC1CCC(CC1=O)C(=C)C,1,C=C(C)C1CCC(C)C(=O)C1,"InChI=1S/C10H16O/c1-7(2)9-5-4-8(3)10(11)6-9/h8-9H,1,4-6H2,2-3H3"
CC1CCC(CC1=O)C(=C)C,1,C=C(C)C1CCC(C)C(=O)C1,"InChI=1S/C10H16O/c1-7(2)9-5-4-8(3)10(11)6-9/h8-9H,1,4-6H2,2-3H3"
CC1=CC(=O)C(CC1)C(C)C,1,CC1=CC(=O)C(C(C)C)CC1,"InChI=1S/C10H16O/c1-7(2)9-5-4-8(3)6-10(9)11/h6-7,9H,4-5H2,1-3H3"
CC1=CC(=O)C(CC1)C(C)C,1,CC1=CC(=O)C(C(C)C)CC1,"InChI=1S/C10H16O/c1-7(2)9-5-4-8(3)6-10(9)11/h6-7,9H,4-5H2,1-3H3"
CC1CCC(=C(C)C)C(=O)C1,1,CC(C)=C1CCC(C)CC1=O,"InChI=1S/C10H16O/c1-7(2)9-5-4-8(3)6-10(9)11/h8H,4-6H2,1-3H3"
CC1CCC(=C(C)C)C(=O)C1,1,CC(C)=C1CCC(C)CC1=O,"InChI=1S/C10H16O/c1-7(2)9-5-4-8(3)6-10(9)11/h8H,4-6H2,1-3H3"
CC1COC2C1CCC(=C2)C,1,CC1=CC2OCC(C)C2CC1,"InChI=1S/C10H16O/c1-7-3-4-9-8(2)6-11-10(9)5-7/h5,8-10H,3-4,6H2,1-2H3"
CC(=C)C1CCC(=CC1)CO,1,C=C(C)C1CC=C(CO)CC1,"InChI=1S/C10H16O/c1-8(2)10-5-3-9(7-11)4-6-10/h3,10-11H,1,4-7H2,2H3"
CC(=C)C1CCC(C=C1)(C)O,1,C=C(C)C1C=CC(C)(O)CC1,"InChI=1S/C10H16O/c1-8(2)9-4-6-10(3,11)7-5-9/h4,6,9,11H,1,5,7H2,2-3H3"
CC(=CCCC(=CC=O)C)C,1,CC(C)=CCCC(C)=CC=O,"InChI=1S/C10H16O/c1-9(2)5-4-6-10(3)7-8-11/h5,7-8H,4,6H2,1-3H3"
CC1(C2CCC(C2)(C1=O)C)C,1,CC12CCC(C1)C(C)(C)C2=O,"InChI=1S/C10H16O/c1-9(2)7-4-5-10(3,6-7)8(9)11/h7H,4-6H2,1-3H3"
CC1(C2CCC(C2)(C1=O)C)C,1,CC12CCC(C1)C(C)(C)C2=O,"InChI=1S/C10H16O/c1-9(2)7-4-5-10(3,6-7)8(9)11/h7H,4-6H2,1-3H3"
CC1(C2CCC1(C(=O)C2)C)C,1,CC12CCC(CC1=O)C2(C)C,"InChI=1S/C10H16O/c1-9(2)7-4-5-10(9,3)8(11)6-7/h7H,4-6H2,1-3H3"
CC1(C2CCC1(C(=O)C2)C)C,1,CC12CCC(CC1=O)C2(C)C,"InChI=1S/C10H16O/c1-9(2)7-4-5-10(9,3)8(11)6-7/h7H,4-6H2,1-3H3"
CC1(C2CCC1(C(=O)C2)C)C,1,CC12CCC(CC1=O)C2(C)C,"InChI=1S/C10H16O/c1-9(2)7-4-5-10(9,3)8(11)6-7/h7H,4-6H2,1-3H3"
CCC=CCCC1CCC(=O)O1,1,CCC=CCCC1CCC(=O)O1,"InChI=1S/C10H16O2/c1-2-3-4-5-6-9-7-8-10(11)12-9/h3-4,9H,2,5-8H2,1H3"
CCC=CCC1CCCC(=O)O1,1,CCC=CCC1CCCC(=O)O1,"InChI=1S/C10H16O2/c1-2-3-4-6-9-7-5-8-10(11)12-9/h3-4,9H,2,5-8H2,1H3"
CCCCCC1CC=CC(=O)O1,1,CCCCCC1CC=CC(=O)O1,"InChI=1S/C10H16O2/c1-2-3-4-6-9-7-5-8-10(11)12-9/h5,8-9H,2-4,6-7H2,1H3"
CCOC(=O)CCC=CCC=C,1,C=CCC=CCCC(=O)OCC,"InChI=1S/C10H16O2/c1-3-5-6-7-8-9-10(11)12-4-2/h3,6-7H,1,4-5,8-9H2,2H3"
CCCC(=O)OCC=CC=CC,1,CC=CC=CCOC(=O)CCC,"InChI=1S/C10H16O2/c1-3-5-6-7-9-12-10(11)8-4-2/h3,5-7H,4,8-9H2,1-2H3"
CC=CC=CCOC(=O)C(C)C,1,CC=CC=CCOC(=O)C(C)C,"InChI=1S/C10H16O2/c1-4-5-6-7-8-12-10(11)9(2)3/h4-7,9H,8H2,1-3H3"
CC(CCC=C(C)C)CC#N,1,CC(C)=CCCC(C)CC#N,"InChI=1S/C10H17N/c1-9(2)5-4-6-10(3)7-8-11/h5,10H,4,6-7H2,1-3H3"
CCCC=CCCCCC=O,1,CCCC=CCCCCC=O,"InChI=1S/C10H18O/c1-2-3-4-5-6-7-8-9-10-11/h4-5,10H,2-3,6-9H2,1H3"
CCCCCC=CCCC=O,1,CCCCCC=CCCC=O,"InChI=1S/C10H18O/c1-2-3-4-5-6-7-8-9-10-11/h6-7,10H,2-5,8-9H2,1H3"
CCCCCC=CCCC=O,1,CCCCCC=CCCC=O,"InChI=1S/C10H18O/c1-2-3-4-5-6-7-8-9-10-11/h6-7,10H,2-5,8-9H2,1H3"
CCCCCC=CC=CCO,1,CCCCCC=CC=CCO,"InChI=1S/C10H18O/c1-2-3-4-5-6-7-8-9-10-11/h6-9,11H,2-5,10H2,1H3"
CCCCCCCC=CC=O,1,CCCCCCCC=CC=O,"InChI=1S/C10H18O/c1-2-3-4-5-6-7-8-9-10-11/h8-10H,2-7H2,1H3"
CC(=CCCC(C)(C=C)O)C,1,C=CC(C)(O)CCC=C(C)C,"InChI=1S/C10H18O/c1-5-10(4,11)8-6-7-9(2)3/h5,7,11H,1,6,8H2,2-4H3"
CC(=CCCC(C)(C=C)O)C,1,C=CC(C)(O)CCC=C(C)C,"InChI=1S/C10H18O/c1-5-10(4,11)8-6-7-9(2)3/h5,7,11H,1,6,8H2,2-4H3"
CC1C2CC2(CC1O)C(C)C,1,CC1C(O)CC2(C(C)C)CC12,"InChI=1S/C10H18O/c1-6(2)10-4-8(10)7(3)9(11)5-10/h6-9,11H,4-5H2,1-3H3"
CC(C)C12CCC(C1C2)(C)O,1,CC(C)C12CCC(C)(O)C1C2,"InChI=1S/C10H18O/c1-7(2)10-5-4-9(3,11)8(10)6-10/h7-8,11H,4-6H2,1-3H3"
CC(C)C12CCC(C1C2)(C)O,1,CC(C)C12CCC(C)(O)C1C2,"InChI=1S/C10H18O/c1-7(2)10-5-4-9(3,11)8(10)6-10/h7-8,11H,4-6H2,1-3H3"
CC1CCC(CC1O)C(=C)C,1,C=C(C)C1CCC(C)C(O)C1,"InChI=1S/C10H18O/c1-7(2)9-5-4-8(3)10(11)6-9/h8-11H,1,4-6H2,2-3H3"
CC1CCC(C(=O)C1)C(C)C,1,CC1CCC(C(C)C)C(=O)C1,"InChI=1S/C10H18O/c1-7(2)9-5-4-8(3)6-10(9)11/h7-9H,4-6H2,1-3H3"
CC1CCC(C(=O)C1)C(C)C,1,CC1CCC(C(C)C)C(=O)C1,"InChI=1S/C10H18O/c1-7(2)9-5-4-8(3)6-10(9)11/h7-9H,4-6H2,1-3H3"
CC1CCC(C(=O)C1)C(C)C,1,CC1CCC(C(C)C)C(=O)C1,"InChI=1S/C10H18O/c1-7(2)9-5-4-8(3)6-10(9)11/h7-9H,4-6H2,1-3H3"
CC1CCC(C(=O)C1)C(C)C,1,CC1CCC(C(C)C)C(=O)C1,"InChI=1S/C10H18O/c1-7(2)9-5-4-8(3)6-10(9)11/h7-9H,4-6H2,1-3H3"
CC1=CCC(CC1)(C(C)C)O,1,CC1=CCC(O)(C(C)C)CC1,"InChI=1S/C10H18O/c1-8(2)10(11)6-4-9(3)5-7-10/h4,8,11H,5-7H2,1-3H3"
CC(=CCC(CO)C(=C)C)C,1,C=C(C)C(CO)CC=C(C)C,"InChI=1S/C10H18O/c1-8(2)5-6-10(7-11)9(3)4/h5,10-11H,3,6-7H2,1-2,4H3"
CC1CCOC(C1)C=C(C)C,1,CC(C)=CC1CC(C)CCO1,"InChI=1S/C10H18O/c1-8(2)6-10-7-9(3)4-5-11-10/h6,9-10H,4-5,7H2,1-3H3"
CC1CCOC(C1)C=C(C)C,1,CC(C)=CC1CC(C)CCO1,"InChI=1S/C10H18O/c1-8(2)6-10-7-9(3)4-5-11-10/h6,9-10H,4-5,7H2,1-3H3"
CC1CCOC(C1)C=C(C)C,1,CC(C)=CC1CC(C)CCO1,"InChI=1S/C10H18O/c1-8(2)6-10-7-9(3)4-5-11-10/h6,9-10H,4-5,7H2,1-3H3"
CC1=CCC(CC1)C(C)(C)O,1,CC1=CCC(C(C)(C)O)CC1,"InChI=1S/C10H18O/c1-8-4-6-9(7-5-8)10(2,3)11/h4,9,11H,5-7H2,1-3H3"
CC1=CCC(CC1)C(C)(C)O,1,CC1=CCC(C(C)(C)O)CC1,"InChI=1S/C10H18O/c1-8-4-6-9(7-5-8)10(2,3)11/h4,9,11H,5-7H2,1-3H3"
CC(=CCCC(=CCO)C)C,1,CC(C)=CCCC(C)=CCO,"InChI=1S/C10H18O/c1-9(2)5-4-6-10(3)7-8-11/h5,7,11H,4,6,8H2,1-3H3"
CC(CCC=C(C)C)CC=O,1,CC(C)=CCCC(C)CC=O,"InChI=1S/C10H18O/c1-9(2)5-4-6-10(3)7-8-11/h5,8,10H,4,6-7H2,1-3H3"
CC(CCC=C(C)C)CC=O,1,CC(C)=CCCC(C)CC=O,"InChI=1S/C10H18O/c1-9(2)5-4-6-10(3)7-8-11/h5,8,10H,4,6-7H2,1-3H3"
CC1(C2CCC(C2)(C1O)C)C,1,CC12CCC(C1)C(C)(C)C2O,"InChI=1S/C10H18O/c1-9(2)7-4-5-10(3,6-7)8(9)11/h7-8,11H,4-6H2,1-3H3"
CC1(C2CCC(C2)(C1O)C)C,1,CC12CCC(C1)C(C)(C)C2O,"InChI=1S/C10H18O/c1-9(2)7-4-5-10(3,6-7)8(9)11/h7-8,11H,4-6H2,1-3H3"
CC1(C2CCC1(C(C2)O)C)C,1,CC1(C)C2CCC1(C)C(O)C2,"InChI=1S/C10H18O/c1-9(2)7-4-5-10(9,3)8(11)6-7/h7-8,11H,4-6H2,1-3H3"
CC1(C2CCC1(C(C2)O)C)C,1,CC1(C)C2CCC1(C)C(O)C2,"InChI=1S/C10H18O/c1-9(2)7-4-5-10(9,3)8(11)6-7/h7-8,11H,4-6H2,1-3H3"
CC1(C2CCC1(C(C2)O)C)C,1,CC1(C)C2CCC1(C)C(O)C2,"InChI=1S/C10H18O/c1-9(2)7-4-5-10(9,3)8(11)6-7/h7-8,11H,4-6H2,1-3H3"
CCCCC=CCCCC(=O)O,1,CCCCC=CCCCC(=O)O,"InChI=1S/C10H18O2/c1-2-3-4-5-6-7-8-9-10(11)12/h5-6H,2-4,7-9H2,1H3,(H,11,12)"
CCCCCC=CCCC(=O)O,1,CCCCCC=CCCC(=O)O,"InChI=1S/C10H18O2/c1-2-3-4-5-6-7-8-9-10(11)12/h6-7H,2-5,8-9H2,1H3,(H,11,12)"
CCCCCCCC=CC(=O)O,1,CCCCCCCC=CC(=O)O,"InChI=1S/C10H18O2/c1-2-3-4-5-6-7-8-9-10(11)12/h8-9H,2-7H2,1H3,(H,11,12)"
CCCCCCCC1C(O1)C=O,1,CCCCCCCC1OC1C=O,"InChI=1S/C10H18O2/c1-2-3-4-5-6-7-9-10(8-11)12-9/h8-10H,2-7H2,1H3"
CCCCCCC1CCC(=O)O1,1,CCCCCCC1CCC(=O)O1,"InChI=1S/C10H18O2/c1-2-3-4-5-6-9-7-8-10(11)12-9/h9H,2-8H2,1H3"
CCCCCC1CCCC(=O)O1,1,CCCCCC1CCCC(=O)O1,"InChI=1S/C10H18O2/c1-2-3-4-6-9-7-5-8-10(11)12-9/h9H,2-8H2,1H3"
CCCCCC1CCCC(=O)O1,1,CCCCCC1CCCC(=O)O1,"InChI=1S/C10H18O2/c1-2-3-4-6-9-7-5-8-10(11)12-9/h9H,2-8H2,1H3"
CCCC=CCCC(=O)OCC,1,CCCC=CCCC(=O)OCC,"InChI=1S/C10H18O2/c1-3-5-6-7-8-9-10(11)12-4-2/h6-7H,3-5,8-9H2,1-2H3"
CCCCC=CCC(=O)OCC,1,CCCCC=CCC(=O)OCC,"InChI=1S/C10H18O2/c1-3-5-6-7-8-9-10(11)12-4-2/h7-8H,3-6,9H2,1-2H3"
CCCCCC=CC(=O)OCC,1,CCCCCC=CC(=O)OCC,"InChI=1S/C10H18O2/c1-3-5-6-7-8-9-10(11)12-4-2/h8-9H,3-7H2,1-2H3"
CC1(C(CCC(O1)(C)C=C)O)C,1,C=CC1(C)CCC(O)C(C)(C)O1,"InChI=1S/C10H18O2/c1-5-10(4)7-6-8(11)9(2,3)12-10/h5,8,11H,1,6-7H2,2-4H3"
CC1(CCC(O1)C(C)(C)O)C=C,1,C=CC1(C)CCC(C(C)(C)O)O1,"InChI=1S/C10H18O2/c1-5-10(4)7-6-8(12-10)9(2,3)11/h5,8,11H,1,6-7H2,2-4H3"
CC=C(C)C(=O)OCCC(C)C,1,CC=C(C)C(=O)OCCC(C)C,"InChI=1S/C10H18O2/c1-5-9(4)10(11)12-7-6-8(2)3/h5,8H,6-7H2,1-4H3"
CC1CCC(C(=O)C1)C(C)(C)S,1,CC1CCC(C(C)(C)S)C(=O)C1,"InChI=1S/C10H18OS/c1-7-4-5-8(9(11)6-7)10(2,3)12/h7-8,12H,4-6H2,1-3H3"
CC1=CCC(CC1)C(C)(C)S,1,CC1=CCC(C(C)(C)S)CC1,"InChI=1S/C10H18S/c1-8-4-6-9(7-5-8)10(2,3)11/h4,9,11H,5-7H2,1-3H3"
CCCCC=CCCCCO,1,CCCCC=CCCCCO,"InChI=1S/C10H20O/c1-2-3-4-5-6-7-8-9-10-11/h5-6,11H,2-4,7-10H2,1H3"
CCCCCC=CCCCO,1,CCCCCC=CCCCO,"InChI=1S/C10H20O/c1-2-3-4-5-6-7-8-9-10-11/h6-7,11H,2-5,8-10H2,1H3"
CCCCCCCC=CCO,1,CCCCCCCC=CCO,"InChI=1S/C10H20O/c1-2-3-4-5-6-7-8-9-10-11/h8-9,11H,2-7,10H2,1H3"
CC1CCC(C(C1)O)C(C)C,1,CC1CCC(C(C)C)C(O)C1,"InChI=1S/C10H20O/c1-7(2)9-5-4-8(3)6-10(9)11/h7-11H,4-6H2,1-3H3"
CC1CCC(C(C1)O)C(C)C,1,CC1CCC(C(C)C)C(O)C1,"InChI=1S/C10H20O/c1-7(2)9-5-4-8(3)6-10(9)11/h7-11H,4-6H2,1-3H3"
CC1CCC(C(C1)O)C(C)C,1,CC1CCC(C(C)C)C(O)C1,"InChI=1S/C10H20O/c1-7(2)9-5-4-8(3)6-10(9)11/h7-11H,4-6H2,1-3H3"
CC1CCC(C(C1)O)C(C)C,1,CC1CCC(C(C)C)C(O)C1,"InChI=1S/C10H20O/c1-7(2)9-5-4-8(3)6-10(9)11/h7-11H,4-6H2,1-3H3"
CC(CCCC(=C)C)CCO,1,C=C(C)CCCC(C)CCO,"InChI=1S/C10H20O/c1-9(2)5-4-6-10(3)7-8-11/h10-11H,1,4-8H2,2-3H3"
CC(CCC=C(C)C)CCO,1,CC(C)=CCCC(C)CCO,"InChI=1S/C10H20O/c1-9(2)5-4-6-10(3)7-8-11/h5,10-11H,4,6-8H2,1-3H3"
CC(CCC=C(C)C)CCO,1,CC(C)=CCCC(C)CCO,"InChI=1S/C10H20O/c1-9(2)5-4-6-10(3)7-8-11/h5,10-11H,4,6-8H2,1-3H3"
CCCC=CC(OCC)OCC,1,CCCC=CC(OCC)OCC,"InChI=1S/C10H20O2/c1-4-7-8-9-10(11-5-2)12-6-3/h8-10H,4-7H2,1-3H3"
CC1CCC(C(C1)O)C(C)(C)O,1,CC1CCC(C(C)(C)O)C(O)C1,"InChI=1S/C10H20O2/c1-7-4-5-8(9(11)6-7)10(2,3)12/h7-9,11-12H,4-6H2,1-3H3"
CC(CCCC(C)(C)O)CC=O,1,CC(CC=O)CCCC(C)(C)O,"InChI=1S/C10H20O2/c1-9(6-8-11)5-4-7-10(2,3)12/h8-9,12H,4-7H2,1-3H3"
CC(CCCC(C)(C)O)CC=O,1,CC(CC=O)CCCC(C)(C)O,"InChI=1S/C10H20O2/c1-9(6-8-11)5-4-7-10(2,3)12/h8-9,12H,4-7H2,1-3H3"
CC(C)CCN=CCC(C)C,1,CC(C)CC=NCCC(C)C,"InChI=1S/C10H21N/c1-9(2)5-7-11-8-6-10(3)4/h7,9-10H,5-6,8H2,1-4H3"
CC[C@@H](CO)NCCN[C@@H](CC)CO.Cl.Cl,0,CCC(CO)NCCNC(CC)CO,"InChI=1S/C10H24N2O2/c1-3-9(7-13)11-5-6-12-10(4-2)8-14/h9-14H,3-8H2,1-2H3"
CC[C@@H](CO)NCCN[C@@H](CC)CO,0,CCC(CO)NCCNC(CC)CO,"InChI=1S/C10H24N2O2/c1-3-9(7-13)11-5-6-12-10(4-2)8-14/h9-14H,3-8H2,1-2H3"
CCC=C1C2=CC=CC=C2C(=O)O1,1,CCC=C1OC(=O)C2=CC=CC=C12,"InChI=1S/C11H10O2/c1-2-5-10-8-6-3-4-7-9(8)11(12)13-10/h3-7H,2H2,1H3"
C1=CC=C2C(=C1)C(=CN2)C[C@@H](C(=O)O)N,0,NC(CC1=CNC2=CC=CC=C12)C(=O)O,"InChI=1S/C11H12N2O2/c12-9(11(14)15)5-7-6-13-10-4-2-1-3-8(7)10/h1-4,6,9,13H,5,12H2,(H,14,15)"
CC(=O)OCC=CC1=CC=CC=C1,1,CC(=O)OCC=CC1=CC=CC=C1,"InChI=1S/C11H12O2/c1-10(12)13-9-5-8-11-6-3-2-4-7-11/h2-8H,9H2,1H3"
CC=CC1=CC(=C(C=C1)OC)OC,1,CC=CC1=CC(OC)=C(OC)C=C1,"InChI=1S/C11H14O2/c1-4-5-9-6-7-10(12-2)11(8-9)13-3/h4-8H,1-3H3"
CC=CC1=CC(=C(C=C1)OC)OC,1,CC=CC1=CC(OC)=C(OC)C=C1,"InChI=1S/C11H14O2/c1-4-5-9-6-7-10(12-2)11(8-9)13-3/h4-8H,1-3H3"
CCC=CCC1=C(CCC1=O)C,1,CCC=CCC1=C(C)CCC1=O,"InChI=1S/C11H16O/c1-3-4-5-6-10-9(2)7-8-11(10)12/h4-5H,3,6-8H2,1-2H3"
CC(=CCCC(=CCOC=O)C)C,1,CC(C)=CCCC(C)=CCOC=O,"InChI=1S/C11H18O2/c1-10(2)5-4-6-11(3)7-8-13-9-12/h5,7,9H,4,6,8H2,1-3H3"
CC1(C2CCC1(C(C2)OC=O)C)C,1,CC1(C)C2CCC1(C)C(OC=O)C2,"InChI=1S/C11H18O2/c1-10(2)8-4-5-11(10,3)9(6-8)13-7-12/h7-9H,4-6H2,1-3H3"
CC1(C2CCC1(C(C2)OC=O)C)C,1,CC1(C)C2CCC1(C)C(OC=O)C2,"InChI=1S/C11H18O2/c1-10(2)8-4-5-11(10,3)9(6-8)13-7-12/h7-9H,4-6H2,1-3H3"
CCC=CCC=CCCOC(=O)C,1,CCC=CCC=CCCOC(C)=O,"InChI=1S/C11H18O2/c1-3-4-5-6-7-8-9-10-13-11(2)12/h4-5,7-8H,3,6,9-10H2,1-2H3"
CCC=CCCOC(=O)C(=CC)C,1,CC=C(C)C(=O)OCCC=CCC,"InChI=1S/C11H18O2/c1-4-6-7-8-9-13-11(12)10(3)5-2/h5-7H,4,8-9H2,1-3H3"
CCC=CCCOC(=O)C(=CC)C,1,CC=C(C)C(=O)OCCC=CCC,"InChI=1S/C11H18O2/c1-4-6-7-8-9-13-11(12)10(3)5-2/h5-7H,4,8-9H2,1-3H3"
CC(=CCCC(=CC(=O)OC)C)C,1,COC(=O)C=C(C)CCC=C(C)C,"InChI=1S/C11H18O2/c1-9(2)6-5-7-10(3)8-11(12)13-4/h6,8H,5,7H2,1-4H3"
CC1(C2CCC1(C(C2)OC)C)C,1,COC1CC2CCC1(C)C2(C)C,"InChI=1S/C11H20O/c1-10(2)8-5-6-11(10,3)9(7-8)12-4/h8-9H,5-7H2,1-4H3"
CC1(C2CCC1(C(C2)(C)O)C)C,1,CC1(O)CC2CCC1(C)C2(C)C,"InChI=1S/C11H20O/c1-9(2)8-5-6-10(9,3)11(4,12)7-8/h8,12H,5-7H2,1-4H3"
CCCCCCCC1CCC(=O)O1,1,CCCCCCCC1CCC(=O)O1,"InChI=1S/C11H20O2/c1-2-3-4-5-6-7-10-8-9-11(12)13-10/h10H,2-9H2,1H3"
CCCCCCCC1CCC(=O)O1,1,CCCCCCCC1CCC(=O)O1,"InChI=1S/C11H20O2/c1-2-3-4-5-6-7-10-8-9-11(12)13-10/h10H,2-9H2,1H3"
CCCCCCC1CCCC(=O)O1,1,CCCCCCC1CCCC(=O)O1,"InChI=1S/C11H20O2/c1-2-3-4-5-7-10-8-6-9-11(12)13-10/h10H,2-9H2,1H3"
CCCCC(=O)OCCC=CCC,1,CCC=CCCOC(=O)CCCC,"InChI=1S/C11H20O2/c1-3-5-7-8-10-13-11(12)9-6-4-2/h5,7H,3-4,6,8-10H2,1-2H3"
CCCCC(=O)OCCC=CCC,1,CCC=CCCOC(=O)CCCC,"InChI=1S/C11H20O2/c1-3-5-7-8-10-13-11(12)9-6-4-2/h5,7H,3-4,6,8-10H2,1-2H3"
CCC=CCCOC(=O)CC(C)C,1,CCC=CCCOC(=O)CC(C)C,"InChI=1S/C11H20O2/c1-4-5-6-7-8-13-11(12)9-10(2)3/h5-6,10H,4,7-9H2,1-3H3"
CCCCCCOC(=O)C(=CC)C,1,CC=C(C)C(=O)OCCCCCC,"InChI=1S/C11H20O2/c1-4-6-7-8-9-13-11(12)10(3)5-2/h5H,4,6-9H2,1-3H3"
CC(=CC#N)CCC1=CC=CC=C1,1,CC(=CC#N)CCC1=CC=CC=C1,"InChI=1S/C12H13N/c1-11(9-10-13)7-8-12-5-3-2-4-6-12/h2-6,9H,7-8H2,1H3"
C[N+]1=CC=C(C=C1)C2=CC=[N+](C=C2)C,0,C[N+]1=CC=C(C2=CC=[N+](C)C=C2)C=C1,"InChI=1S/C12H14N2/c1-13-7-3-11(4-8-13)12-5-9-14(2)10-6-12/h3-10H,1-2H3/q+2"
CC(C)C=C(C=O)C1=CC=CC=C1,1,CC(C)C=C(C=O)C1=CC=CC=C1,"InChI=1S/C12H14O/c1-10(2)8-12(9-13)11-6-4-3-5-7-11/h3-10H,1-2H3"
CC(C)OC(=O)C=CC1=CC=CC=C1,1,CC(C)OC(=O)C=CC1=CC=CC=C1,"InChI=1S/C12H14O2/c1-10(2)14-12(13)9-8-11-6-4-3-5-7-11/h3-10H,1-2H3"
CC=C(C)C(=O)OCC1=CC=CC=C1,1,CC=C(C)C(=O)OCC1=CC=CC=C1,"InChI=1S/C12H14O2/c1-3-10(2)12(13)14-9-11-7-5-4-6-8-11/h3-8H,9H2,1-2H3"
C[C@H]1[C@@H](OCCN1C)C2=CC=CC=C2,0,CC1C(C2=CC=CC=C2)OCCN1C,"InChI=1S/C12H17NO/c1-10-12(14-9-8-13(10)2)11-6-4-3-5-7-11/h3-7,10,12H,8-9H2,1-2H3"
CC(=CCCC(=CCOC(=O)C)C)C,1,CC(=O)OCC=C(C)CCC=C(C)C,"InChI=1S/C12H20O2/c1-10(2)6-5-7-11(3)8-9-14-12(4)13/h6,8H,5,7,9H2,1-4H3"
CCCCCC=CCC1CCC(=O)O1,1,CCCCCC=CCC1CCC(=O)O1,"InChI=1S/C12H20O2/c1-2-3-4-5-6-7-8-11-9-10-12(13)14-11/h6-7,11H,2-5,8-10H2,1H3"
CC(=O)OC1C(C2CCC1(C2)C)(C)C,1,CC(=O)OC1C2(C)CCC(C2)C1(C)C,"InChI=1S/C12H20O2/c1-8(13)14-10-11(2,3)9-5-6-12(10,4)7-9/h9-10H,5-7H2,1-4H3"
CC(=O)OC1CC2CCC1(C2(C)C)C,1,CC(=O)OC1CC2CCC1(C)C2(C)C,"InChI=1S/C12H20O2/c1-8(13)14-10-7-9-5-6-12(10,4)11(9,2)3/h9-10H,5-7H2,1-4H3"
CC(=O)OC1CC2CCC1(C2(C)C)C,1,CC(=O)OC1CC2CCC1(C)C2(C)C,"InChI=1S/C12H20O2/c1-8(13)14-10-7-9-5-6-12(10,4)11(9,2)3/h9-10H,5-7H2,1-4H3"
CC(=O)OC1CC2CCC1(C2(C)C)C,1,CC(=O)OC1CC2CCC1(C)C2(C)C,"InChI=1S/C12H20O2/c1-8(13)14-10-7-9-5-6-12(10,4)11(9,2)3/h9-10H,5-7H2,1-4H3"
CC1CCC(C(C1)OC(=O)C)C(=C)C,1,C=C(C)C1CCC(C)CC1OC(C)=O,"InChI=1S/C12H20O2/c1-8(2)11-6-5-9(3)7-12(11)14-10(4)13/h9,11-12H,1,5-7H2,2-4H3"
CC1=CCC(C1(C)C)CCOC(=O)C,1,CC(=O)OCCC1CC=C(C)C1(C)C,"InChI=1S/C12H20O2/c1-9-5-6-11(12(9,3)4)7-8-14-10(2)13/h5,11H,6-8H2,1-4H3"
CC1CCCC2(C1(CCCC2)O)C,1,CC1CCCC2(C)CCCCC12O,"InChI=1S/C12H22O/c1-10-6-5-8-11(2)7-3-4-9-12(10,11)13/h10,13H,3-9H2,1-2H3"
CC1CCCC2(C1(CCCC2)O)C,1,CC1CCCC2(C)CCCCC12O,"InChI=1S/C12H22O/c1-10-6-5-8-11(2)7-3-4-9-12(10,11)13/h10,13H,3-9H2,1-2H3"
CC1CCCC2(C1(CCCC2)O)C,1,CC1CCCC2(C)CCCCC12O,"InChI=1S/C12H22O/c1-10-6-5-8-11(2)7-3-4-9-12(10,11)13/h10,13H,3-9H2,1-2H3"
CCCCCCCCCC=CC=O,1,CCCCCCCCCC=CC=O,"InChI=1S/C12H22O/c1-2-3-4-5-6-7-8-9-10-11-12-13/h10-12H,2-9H2,1H3"
CCCCCCCCCC=CC=O,1,CCCCCCCCCC=CC=O,"InChI=1S/C12H22O/c1-2-3-4-5-6-7-8-9-10-11-12-13/h10-12H,2-9H2,1H3"
CCOCC=C(C)CCC=C(C)C,1,CCOCC=C(C)CCC=C(C)C,"InChI=1S/C12H22O/c1-5-13-10-9-12(4)8-6-7-11(2)3/h7,9H,5-6,8,10H2,1-4H3"
C(C1C(C(C(C(O1)OC2C(OC(C(C2O)O)O)CO)O)O)O)O,0,OCC1OC(OC2C(CO)OC(O)C(O)C2O)C(O)C(O)C1O,"InChI=1S/C12H22O11/c13-1-3-5(15)6(16)9(19)12(22-3)23-10-4(2-14)21-11(20)8(18)7(10)17/h3-20H,1-2H2"
C([C@@H]1[C@@H]([C@@H]([C@H]([C@@H](O1)O[C@@H]2[C@H](O[C@H]([C@@H]([C@H]2O)O)O)CO)O)O)O)O,0,OCC1OC(OC2C(CO)OC(O)C(O)C2O)C(O)C(O)C1O,"InChI=1S/C12H22O11/c13-1-3-5(15)6(16)9(19)12(22-3)23-10-4(2-14)21-11(20)8(18)7(10)17/h3-20H,1-2H2"
C([C@@H]1[C@@H]([C@@H]([C@H]([C@@H](O1)O[C@@H]2[C@H](OC([C@@H]([C@H]2O)O)O)CO)O)O)O)O,0,OCC1OC(OC2C(CO)OC(O)C(O)C2O)C(O)C(O)C1O,"InChI=1S/C12H22O11/c13-1-3-5(15)6(16)9(19)12(22-3)23-10-4(2-14)21-11(20)8(18)7(10)17/h3-20H,1-2H2"
C([C@@H]1[C@@H]([C@@H]([C@H]([C@@H](O1)O[C@@H]2[C@H](O[C@@H]([C@@H]([C@H]2O)O)O)CO)O)O)O)O,0,OCC1OC(OC2C(CO)OC(O)C(O)C2O)C(O)C(O)C1O,"InChI=1S/C12H22O11/c13-1-3-5(15)6(16)9(19)12(22-3)23-10-4(2-14)21-11(20)8(18)7(10)17/h3-20H,1-2H2"
CC(CCC=C(C)C)CCOC(=O)C,1,CC(=O)OCCC(C)CCC=C(C)C,"InChI=1S/C12H22O2/c1-10(2)6-5-7-11(3)8-9-14-12(4)13/h6,11H,5,7-9H2,1-4H3"
CC(CCC=C(C)C)CCOC(=O)C,1,CC(=O)OCCC(C)CCC=C(C)C,"InChI=1S/C12H22O2/c1-10(2)6-5-7-11(3)8-9-14-12(4)13/h6,11H,5,7-9H2,1-4H3"
CCCCCCCCC1CCC(=O)O1,1,CCCCCCCCC1CCC(=O)O1,"InChI=1S/C12H22O2/c1-2-3-4-5-6-7-8-11-9-10-12(13)14-11/h11H,2-10H2,1H3"
CCCCCCCCC1CCC(=O)O1,1,CCCCCCCCC1CCC(=O)O1,"InChI=1S/C12H22O2/c1-2-3-4-5-6-7-8-11-9-10-12(13)14-11/h11H,2-10H2,1H3"
CCCCCCCC1CCCC(=O)O1,1,CCCCCCCC1CCCC(=O)O1,"InChI=1S/C12H22O2/c1-2-3-4-5-6-8-11-9-7-10-12(13)14-11/h11H,2-10H2,1H3"
CCCCCC(=O)OCCC=CCC,1,CCC=CCCOC(=O)CCCCC,"InChI=1S/C12H22O2/c1-3-5-7-9-11-14-12(13)10-8-6-4-2/h5,7H,3-4,6,8-11H2,1-2H3"
CC1CCC(C(C1)OC(=O)C)C(C)C,1,CC(=O)OC1CC(C)CCC1C(C)C,"InChI=1S/C12H22O2/c1-8(2)11-6-5-9(3)7-12(11)14-10(4)13/h8-9,11-12H,5-7H2,1-4H3"
CC(=O)OC1CCCCC1C(C)(C)C,1,CC(=O)OC1CCCCC1C(C)(C)C,"InChI=1S/C12H22O2/c1-9(13)14-11-8-6-5-7-10(11)12(2,3)4/h10-11H,5-8H2,1-4H3"
CCCCCCCCCC=CCO,1,CCCCCCCCCC=CCO,"InChI=1S/C12H24O/c1-2-3-4-5-6-7-8-9-10-11-12-13/h10-11,13H,2-9,12H2,1H3"
C1=CC=C2C(=C1)C(=C3C=CC=CC3=N2)N.Cl,0,NC1=C2C=CC=CC2=NC2=CC=CC=C12,"InChI=1S/C13H10N2/c14-13-9-5-1-3-7-11(9)15-12-8-4-2-6-10(12)13/h1-8H,(H2,14,15)"
CC(C)CC=C(C=O)C1=CC=CC=C1,1,CC(C)CC=C(C=O)C1=CC=CC=C1,"InChI=1S/C13H16O/c1-11(2)8-9-13(10-14)12-6-4-3-5-7-12/h3-7,9-11H,8H2,1-2H3"
CCCC(=O)OCC=CC1=CC=CC=C1,1,CCCC(=O)OCC=CC1=CC=CC=C1,"InChI=1S/C13H16O2/c1-2-7-13(14)15-11-6-10-12-8-4-3-5-9-12/h3-6,8-10H,2,7,11H2,1H3"
CC=C(C)C(=O)OCCC1=CC=CC=C1,1,CC=C(C)C(=O)OCCC1=CC=CC=C1,"InChI=1S/C13H16O2/c1-3-11(2)13(14)15-10-9-12-7-5-4-6-8-12/h3-8H,9-10H2,1-2H3"
CCC=CCCOC(=O)C1=CC=CC=C1O,1,CCC=CCCOC(=O)C1=CC=CC=C1O,"InChI=1S/C13H16O3/c1-2-3-4-7-10-16-13(15)11-8-5-6-9-12(11)14/h3-6,8-9,14H,2,7,10H2,1H3"
C1=CC(=CC=C1C[C@@H](C(=O)O)N)N(CCCl)CCCl,0,NC(CC1=CC=C(N(CCCl)CCCl)C=C1)C(=O)O,"InChI=1S/C13H18Cl2N2O2/c14-5-7-17(8-6-15)11-3-1-10(2-4-11)9-12(16)13(18)19/h1-4,12H,5-9,16H2,(H,18,19)"
CC[NH+](CC)CCOC(=O)C1=C(C=C(C=C1)N)Cl.[Cl-],0,CCN(CC)CCOC(=O)C1=C(Cl)C=C(N)C=C1,"InChI=1S/C13H19ClN2O2/c1-3-16(4-2)7-8-18-13(17)11-6-5-10(15)9-12(11)14/h5-6,9H,3-4,7-8,15H2,1-2H3"
CC1=CCCC(C1C=CC(=O)C)(C)C,1,CC(=O)C=CC1C(C)=CCCC1(C)C,"InChI=1S/C13H20O/c1-10-6-5-9-13(3,4)12(10)8-7-11(2)14/h6-8,12H,5,9H2,1-4H3"
CC1=C(C(CCC1)(C)C)C=CC(=O)C,1,CC(=O)C=CC1=C(C)CCCC1(C)C,"InChI=1S/C13H20O/c1-10-6-5-9-13(3,4)12(10)8-7-11(2)14/h7-8H,5-6,9H2,1-4H3"
CC=CC(=O)C1CCC(C=C1C)(C)C,1,CC=CC(=O)C1CCC(C)(C)C=C1C,"InChI=1S/C13H20O/c1-5-6-12(14)11-7-8-13(3,4)9-10(11)2/h5-6,9,11H,7-8H2,1-4H3"
CC=CC(=O)C1C(=CCCC1(C)C)C,1,CC=CC(=O)C1C(C)=CCCC1(C)C,"InChI=1S/C13H20O/c1-5-7-11(14)12-10(2)8-6-9-13(12,3)4/h5,7-8,12H,6,9H2,1-4H3"
CC=CC(=O)C1C(=CCCC1(C)C)C,1,CC=CC(=O)C1C(C)=CCCC1(C)C,"InChI=1S/C13H20O/c1-5-7-11(14)12-10(2)8-6-9-13(12,3)4/h5,7-8,12H,6,9H2,1-4H3"
CC=CC(=O)C1=C(CCCC1(C)C)C,1,CC=CC(=O)C1=C(C)CCCC1(C)C,"InChI=1S/C13H20O/c1-5-7-11(14)12-10(2)8-6-9-13(12,3)4/h5,7H,6,8-9H2,1-4H3"
CC=CC(=O)C1=C(CCCC1(C)C)C,1,CC=CC(=O)C1=C(C)CCCC1(C)C,"InChI=1S/C13H20O/c1-5-7-11(14)12-10(2)8-6-9-13(12,3)4/h5,7H,6,8-9H2,1-4H3"
CC=CC(=O)C1C(C=CCC1(C)C)C,1,CC=CC(=O)C1C(C)C=CCC1(C)C,"InChI=1S/C13H20O/c1-5-7-11(14)12-10(2)8-6-9-13(12,3)4/h5-8,10,12H,9H2,1-4H3"
CC(=O)C=CC12C(CCCC1(O2)C)(C)C,1,CC(=O)C=CC12OC1(C)CCCC2(C)C,"InChI=1S/C13H20O2/c1-10(14)6-9-13-11(2,3)7-5-8-12(13,4)15-13/h6,9H,5,7-8H2,1-4H3"
CC(=O)OCCC1=CCC2CC1C2(C)C,1,CC(=O)OCCC1=CCC2CC1C2(C)C,"InChI=1S/C13H20O2/c1-9(14)15-7-6-10-4-5-11-8-12(10)13(11,2)3/h4,11-12H,5-8H2,1-3H3"
CCC=CCC1C(CCC1=O)CC(=O)OC,1,CCC=CCC1C(=O)CCC1CC(=O)OC,"InChI=1S/C13H20O3/c1-3-4-5-6-11-10(7-8-12(11)14)9-13(15)16-2/h4-5,10-11H,3,6-9H2,1-2H3"
CCC=CCC1C(CCC1=O)CC(=O)OC,1,CCC=CCC1C(=O)CCC1CC(=O)OC,"InChI=1S/C13H20O3/c1-3-4-5-6-11-10(7-8-12(11)14)9-13(15)16-2/h4-5,10-11H,3,6-9H2,1-2H3"
CCC=CCC1C(CCC1=O)CC(=O)OC,1,CCC=CCC1C(=O)CCC1CC(=O)OC,"InChI=1S/C13H20O3/c1-3-4-5-6-11-10(7-8-12(11)14)9-13(15)16-2/h4-5,10-11H,3,6-9H2,1-2H3"
CCC=CCC1C(CCC1=O)CC(=O)OC,1,CCC=CCC1C(=O)CCC1CC(=O)OC,"InChI=1S/C13H20O3/c1-3-4-5-6-11-10(7-8-12(11)14)9-13(15)16-2/h4-5,10-11H,3,6-9H2,1-2H3"
CC(=CCCC(=CCCC(=O)C)C)C,1,CC(=O)CCC=C(C)CCC=C(C)C,"InChI=1S/C13H22O/c1-11(2)7-5-8-12(3)9-6-10-13(4)14/h7,9H,5-6,8,10H2,1-4H3"
CCCCCC=CC=CC(=O)OCCC,1,CCCCCC=CC=CC(=O)OCCC,"InChI=1S/C13H22O2/c1-3-5-6-7-8-9-10-11-13(14)15-12-4-2/h8-11H,3-7,12H2,1-2H3"
CCC(=O)OCC=C(C)CCC=C(C)C,1,CCC(=O)OCC=C(C)CCC=C(C)C,"InChI=1S/C13H22O2/c1-5-13(14)15-10-9-12(4)8-6-7-11(2)3/h7,9H,5-6,8,10H2,1-4H3"
CCCCCC1C(CCC1=O)CC(=O)OC,1,CCCCCC1C(=O)CCC1CC(=O)OC,"InChI=1S/C13H22O3/c1-3-4-5-6-11-10(7-8-12(11)14)9-13(15)16-2/h10-11H,3-9H2,1-2H3"
CC1=C(C(CCC1)(C)C)CCC(C)O,1,CC1=C(CCC(C)O)C(C)(C)CCC1,"InChI=1S/C13H24O/c1-10-6-5-9-13(3,4)12(10)8-7-11(2)14/h11,14H,5-9H2,1-4H3"
CC1CCC(C(C1)OC(=O)C(C)O)C(C)C,1,CC1CCC(C(C)C)C(OC(=O)C(C)O)C1,"InChI=1S/C13H24O3/c1-8(2)11-6-5-9(3)7-12(11)16-13(15)10(4)14/h8-12,14H,5-7H2,1-4H3"
CC1CCC(C(C1)OC(=O)C(C)O)C(C)C,1,CC1CCC(C(C)C)C(OC(=O)C(C)O)C1,"InChI=1S/C13H24O3/c1-8(2)11-6-5-9(3)7-12(11)16-13(15)10(4)14/h8-12,14H,5-7H2,1-4H3"
CC1CCC(C2(C1)OCC(O2)CO)C(C)C,0,CC1CCC(C(C)C)C2(C1)OCC(CO)O2,"InChI=1S/C13H24O3/c1-9(2)12-5-4-10(3)6-13(12)15-8-11(7-14)16-13/h9-12,14H,4-8H2,1-3H3"
C1CN=C(N1)CC2=CC=CC3=CC=CC=C32.Cl,0,C1=CC=C2C(CC3=NCCN3)=CC=CC2=C1,"InChI=1S/C14H14N2/c1-2-7-13-11(4-1)5-3-6-12(13)10-14-15-8-9-16-14/h1-7H,8-10H2,(H,15,16)"
C1CN=C([NH2+]1)CC2=CC=CC3=CC=CC=C32.[N+](=O)([O-])[O-],0,C1=CC=C2C(CC3=NCCN3)=CC=CC2=C1,"InChI=1S/C14H14N2/c1-2-7-13-11(4-1)5-3-6-12(13)10-14-15-8-9-16-14/h1-7H,8-10H2,(H,15,16)"
C1CN=C(N1)CC2=CC=CC3=CC=CC=C32.[N+](=O)(O)[O-],0,C1=CC=C2C(CC3=NCCN3)=CC=CC2=C1,"InChI=1S/C14H14N2/c1-2-7-13-11(4-1)5-3-6-12(13)10-14-15-8-9-16-14/h1-7H,8-10H2,(H,15,16)"
C[C@@H](C1=CC2=C(C=C1)C=C(C=C2)OC)C(=O)O,0,COC1=CC2=C(C=C1)C=C(C(C)C(=O)O)C=C2,"InChI=1S/C14H14O3/c1-9(14(15)16)10-3-4-12-8-13(17-2)6-5-11(12)7-10/h3-9H,1-2H3,(H,15,16)"
COC(=O)[C@H](CC1=CC=CC=C1)NC(=O)[C@H](CC(=O)O)N,0,COC(=O)C(CC1=CC=CC=C1)NC(=O)C(N)CC(=O)O,"InChI=1S/C14H18N2O5/c1-21-14(20)11(7-9-5-3-2-4-6-9)16-13(19)10(15)8-12(17)18/h2-6,10-11H,7-8,15H2,1H3,(H,16,19)(H,17,18)"
CCCCCC(=CC1=CC=CC=C1)C=O,1,CCCCCC(C=O)=CC1=CC=CC=C1,"InChI=1S/C14H18O/c1-2-3-5-10-14(12-15)11-13-8-6-4-7-9-13/h4,6-9,11-12H,2-3,5,10H2,1H3"
CCCCCC(=CC1=CC=CC=C1)C=O,1,CCCCCC(C=O)=CC1=CC=CC=C1,"InChI=1S/C14H18O/c1-2-3-5-10-14(12-15)11-13-8-6-4-7-9-13/h4,6-9,11-12H,2-3,5,10H2,1H3"
CC(CC1=CC=C(C=C1)C(C)(C)C)C=O,1,CC(C=O)CC1=CC=C(C(C)(C)C)C=C1,"InChI=1S/C14H20O/c1-11(10-15)9-12-5-7-13(8-6-12)14(2,3)4/h5-8,10-11H,9H2,1-4H3"
CC(CC1=CC=C(C=C1)C(C)(C)C)C=O,1,CC(C=O)CC1=CC=C(C(C)(C)C)C=C1,"InChI=1S/C14H20O/c1-11(10-15)9-12-5-7-13(8-6-12)14(2,3)4/h5-8,10-11H,9H2,1-4H3"
CC(=CCCC(=CCOC(=O)CC(=O)C)C)C,1,CC(=O)CC(=O)OCC=C(C)CCC=C(C)C,"InChI=1S/C14H22O3/c1-11(2)6-5-7-12(3)8-9-17-14(16)10-13(4)15/h6,8H,5,7,9-10H2,1-4H3"
CC(C)C(=O)OCC=C(C)CCC=C(C)C,1,CC(C)=CCCC(C)=CCOC(=O)C(C)C,"InChI=1S/C14H24O2/c1-11(2)7-6-8-13(5)9-10-16-14(15)12(3)4/h7,9,12H,6,8,10H2,1-5H3"
CCCC(=O)OCC=C(C)CCC=C(C)C,1,CCCC(=O)OCC=C(C)CCC=C(C)C,"InChI=1S/C14H24O2/c1-5-7-14(15)16-11-10-13(4)9-6-8-12(2)3/h8,10H,5-7,9,11H2,1-4H3"
CC(C)C(=O)OC1CC2CCC1(C2(C)C)C,1,CC(C)C(=O)OC1CC2CCC1(C)C2(C)C,"InChI=1S/C14H24O2/c1-9(2)12(15)16-11-8-10-6-7-14(11,5)13(10,3)4/h9-11H,6-8H2,1-5H3"
CC(=NNC(=O)NC1=CC(=CC(=C1)F)F)C2=C(C=CC=N2)C(=O)O,0,CC(=NNC(=O)NC1=CC(F)=CC(F)=C1)C1=C(C(=O)O)C=CC=N1,"InChI=1S/C15H12F2N4O3/c1-8(13-12(14(22)23)3-2-4-18-13)20-21-15(24)19-11-6-9(16)5-10(17)7-11/h2-7H,1H3,(H,22,23)(H2,19,21,24)"
CCCOC1=NN(C(=O)N1C)/C(=N/S(=O)(=O)C2=CC=CC=C2C(=O)OC)/[O-].[Na+],0,CCCOC1=NN(C([O-])=NS(=O)(=O)C2=CC=CC=C2C(=O)OC)C(=O)N1C,"InChI=1S/C15H18N4O7S/c1-4-9-26-14-16-19(15(22)18(14)2)13(21)17-27(23,24)11-8-6-5-7-10(11)12(20)25-3/h5-8H,4,9H2,1-3H3,(H,17,21)/p-1"
CC1=CCC(C2=C1C=CC(=C2)C)C(C)C,1,CC1=CCC(C(C)C)C2=C1C=CC(C)=C2,"InChI=1S/C15H20/c1-10(2)13-8-6-12(4)14-7-5-11(3)9-15(13)14/h5-7,9-10,13H,8H2,1-4H3"
CC1CC(=O)C=C2C1(CC(CC2)C(=C)C)C,1,C=C(C)C1CCC2=CC(=O)CC(C)C2(C)C1,"InChI=1S/C15H22O/c1-10(2)12-5-6-13-8-14(16)7-11(3)15(13,4)9-12/h8,11-12H,1,5-7,9H2,2-4H3"
CC1CC(=O)C=C2C1(CC(CC2)C(=C)C)C,1,C=C(C)C1CCC2=CC(=O)CC(C)C2(C)C1,"InChI=1S/C15H22O/c1-10(2)12-5-6-13-8-14(16)7-11(3)15(13,4)9-12/h8,11-12H,1,5-7,9H2,2-4H3"
CC(=CCCC(=C)C=C)CCC=C(C)C=O,1,C=CC(=C)CCC=C(C)CCC=C(C)C=O,"InChI=1S/C15H22O/c1-5-13(2)8-6-9-14(3)10-7-11-15(4)12-16/h5,9,11-12H,1-2,6-8,10H2,3-4H3"
CC1CCC(CC2=C1CCC2C)C(=C)C,1,C=C(C)C1CCC(C)C2=C(C1)C(C)CC2,"InChI=1S/C15H24/c1-10(2)13-7-5-11(3)14-8-6-12(4)15(14)9-13/h11-13H,1,5-9H2,2-4H3"
CC1=CCC2C(C1)C(CC=C2C)C(C)C,1,CC1=CCC2C(C)=CCC(C(C)C)C2C1,"InChI=1S/C15H24/c1-10(2)13-8-6-12(4)14-7-5-11(3)9-15(13)14/h5-6,10,13-15H,7-9H2,1-4H3"
CC1=CC2C(CC1)C(=CCC2C(C)C)C,1,CC1=CC2C(CC1)C(C)=CCC2C(C)C,"InChI=1S/C15H24/c1-10(2)13-8-6-12(4)14-7-5-11(3)9-15(13)14/h6,9-10,13-15H,5,7-8H2,1-4H3"
CC1=CC2C(CCC(=C2CC1)C)C(C)C,1,CC1=CC2C(=C(C)CCC2C(C)C)CC1,"InChI=1S/C15H24/c1-10(2)13-8-6-12(4)14-7-5-11(3)9-15(13)14/h9-10,13,15H,5-8H2,1-4H3"
CC1=C[C@H]2[C@@H](CC1)C(=C)CC[C@@H]2C(C)C,1,C=C1CCC(C(C)C)C2C=C(C)CCC12,"InChI=1S/C15H24/c1-10(2)13-8-6-12(4)14-7-5-11(3)9-15(13)14/h9-10,13-15H,4-8H2,1-3H3"
CC1=CC2C(CC1)C(=C)CCC2C(C)C,1,C=C1CCC(C(C)C)C2C=C(C)CCC12,"InChI=1S/C15H24/c1-10(2)13-8-6-12(4)14-7-5-11(3)9-15(13)14/h9-10,13-15H,4-8H2,1-3H3"
CC1CCC=C2C1(CC(CC2)C(=C)C)C,1,C=C(C)C1CCC2=CCCC(C)C2(C)C1,"InChI=1S/C15H24/c1-11(2)13-8-9-14-7-5-6-12(3)15(14,4)10-13/h7,12-13H,1,5-6,8-10H2,2-4H3"
CC1=CCC2CC1C2(C)CCC=C(C)C,1,CC(C)=CCCC1(C)C2CC=C(C)C1C2,"InChI=1S/C15H24/c1-11(2)6-5-9-15(4)13-8-7-12(3)14(15)10-13/h6-7,13-14H,5,8-10H2,1-4H3"
CC1=CCCC(=C)C2CC(C2CC1)(C)C,1,C=C1CCC=C(C)CCC2C1CC2(C)C,"InChI=1S/C15H24/c1-11-6-5-7-12(2)13-10-15(3,4)14(13)9-8-11/h6,13-14H,2,5,7-10H2,1,3-4H3"
CC1=CCCC(=C)C2CC(C2CC1)(C)C,1,C=C1CCC=C(C)CCC2C1CC2(C)C,"InChI=1S/C15H24/c1-11-6-5-7-12(2)13-10-15(3,4)14(13)9-8-11/h6,13-14H,2,5,7-10H2,1,3-4H3"
CC(CCC=C(C)C)C1CCC(=C)C=C1,1,C=C1C=CC(C(C)CCC=C(C)C)CC1,"InChI=1S/C15H24/c1-12(2)6-5-7-14(4)15-10-8-13(3)9-11-15/h6,8,10,14-15H,3,5,7,9,11H2,1-2,4H3"
CC1=CCC(CC1)C(=C)CCC=C(C)C,1,C=C(CCC=C(C)C)C1CC=C(C)CC1,"InChI=1S/C15H24/c1-12(2)6-5-7-14(4)15-10-8-13(3)9-11-15/h6,8,15H,4-5,7,9-11H2,1-3H3"
CC1=CCC(=C(C)CCC=C(C)C)CC1,1,CC(C)=CCCC(C)=C1CC=C(C)CC1,"InChI=1S/C15H24/c1-12(2)6-5-7-14(4)15-10-8-13(3)9-11-15/h6,8H,5,7,9-11H2,1-4H3"
CC(=CCCC(=CCCC(=C)C=C)C)C,1,C=CC(=C)CCC=C(C)CCC=C(C)C,"InChI=1S/C15H24/c1-6-14(4)10-8-12-15(5)11-7-9-13(2)3/h6,9,12H,1,4,7-8,10-11H2,2-3,5H3"
CC(=CCCC(=CCCC(=C)C=C)C)C,1,C=CC(=C)CCC=C(C)CCC=C(C)C,"InChI=1S/C15H24/c1-6-14(4)10-8-12-15(5)11-7-9-13(2)3/h6,9,12H,1,4,7-8,10-11H2,2-3,5H3"
CC(C)C1=CC(C(CC1)(C)C=C)C(=C)C,1,C=CC1(C)CCC(C(C)C)=CC1C(=C)C,"InChI=1S/C15H24/c1-7-15(6)9-8-13(11(2)3)10-14(15)12(4)5/h7,10-11,14H,1,4,8-9H2,2-3,5-6H3"
CC1=CCC2C3C1C2(CCC3C(C)C)C,1,CC1=CCC2C3C(C(C)C)CCC2(C)C13,"InChI=1S/C15H24/c1-9(2)11-7-8-15(4)12-6-5-10(3)14(15)13(11)12/h5,9,11-14H,6-8H2,1-4H3"
CC1CCC2C(C2(C)C)C3=C(CCC13)C,1,CC1=C2C(CC1)C(C)CCC1C2C1(C)C,"InChI=1S/C15H24/c1-9-6-8-12-14(15(12,3)4)13-10(2)5-7-11(9)13/h9,11-12,14H,5-8H2,1-4H3"
CC(=CCCC1(C2CCC(C2)C1=C)C)CO,1,C=C1C2CCC(C2)C1(C)CCC=C(C)CO,"InChI=1S/C15H24O/c1-11(10-16)5-4-8-15(3)12(2)13-6-7-14(15)9-13/h5,13-14,16H,2,4,6-10H2,1,3H3"
CC1=CCCC2(C(O2)CC(C=CC1)(C)C)C,1,CC1=CCCC2(C)OC2CC(C)(C)C=CC1,"InChI=1S/C15H24O/c1-12-7-5-9-14(2,3)11-13-15(4,16-13)10-6-8-12/h5,8-9,13H,6-7,10-11H2,1-4H3"
CC1=CC2[C@@H](CC[C@](C2CC1)(C)O)C(C)C,1,CC1=CC2C(C(C)C)CCC(C)(O)C2CC1,"InChI=1S/C15H26O/c1-10(2)12-7-8-15(4,16)14-6-5-11(3)9-13(12)14/h9-10,12-14,16H,5-8H2,1-4H3"
CC1=CC2C(CCC(C2CC1)(C)O)C(C)C,1,CC1=CC2C(C(C)C)CCC(C)(O)C2CC1,"InChI=1S/C15H26O/c1-10(2)12-7-8-15(4,16)14-6-5-11(3)9-13(12)14/h9-10,12-14,16H,5-8H2,1-4H3"
CC1=CC2C(CCC(C2CC1)(C)O)C(C)C,1,CC1=CC2C(C(C)C)CCC(C)(O)C2CC1,"InChI=1S/C15H26O/c1-10(2)12-7-8-15(4,16)14-6-5-11(3)9-13(12)14/h9-10,12-14,16H,5-8H2,1-4H3"
CC1=CC2C(CCC(C2CC1)(C)O)C(C)C,1,CC1=CC2C(C(C)C)CCC(C)(O)C2CC1,"InChI=1S/C15H26O/c1-10(2)12-7-8-15(4,16)14-6-5-11(3)9-13(12)14/h9-10,12-14,16H,5-8H2,1-4H3"
CC1=C2CC(CCC2(CCC1)C)C(C)(C)O,1,CC1=C2CC(C(C)(C)O)CCC2(C)CCC1,"InChI=1S/C15H26O/c1-11-6-5-8-15(4)9-7-12(10-13(11)15)14(2,3)16/h12,16H,5-10H2,1-4H3"
CC12CCCC(=C)C1CC(CC2)C(C)(C)O,1,C=C1CCCC2(C)CCC(C(C)(C)O)CC12,"InChI=1S/C15H26O/c1-11-6-5-8-15(4)9-7-12(10-13(11)15)14(2,3)16/h12-13,16H,1,5-10H2,2-4H3"
CC1=CCCC2(C1CC(CC2)C(C)(C)O)C,1,CC1=CCCC2(C)CCC(C(C)(C)O)CC12,"InChI=1S/C15H26O/c1-11-6-5-8-15(4)9-7-12(10-13(11)15)14(2,3)16/h6,12-13,16H,5,7-10H2,1-4H3"
CC1=CCC(CC1)C(C)(CCC=C(C)C)O,1,CC(C)=CCCC(C)(O)C1CC=C(C)CC1,"InChI=1S/C15H26O/c1-12(2)6-5-11-15(4,16)14-9-7-13(3)8-10-14/h6-7,14,16H,5,8-11H2,1-4H3"
CC1=CCC(CC1)C(C)(CCC=C(C)C)O,1,CC(C)=CCCC(C)(O)C1CC=C(C)CC1,"InChI=1S/C15H26O/c1-12(2)6-5-11-15(4,16)14-9-7-13(3)8-10-14/h6-7,14,16H,5,8-11H2,1-4H3"
CC(=CCCC(=CCCC(=CCO)C)C)C,1,CC(C)=CCCC(C)=CCCC(C)=CCO,"InChI=1S/C15H26O/c1-13(2)7-5-8-14(3)9-6-10-15(4)11-12-16/h7,9,11,16H,5-6,8,10,12H2,1-4H3"
CC1(CC2C1CCC3(CCCC2(C3)O)C)C,1,CC12CCCC(O)(C1)C1CC(C)(C)C1CC2,"InChI=1S/C15H26O/c1-13(2)9-12-11(13)5-8-14(3)6-4-7-15(12,16)10-14/h11-12,16H,4-10H2,1-3H3"
CC1CC=CCCCCCCCCC(=O)C1,1,CC1CC=CCCCCCCCCC(=O)C1,"InChI=1S/C15H26O/c1-14-11-9-7-5-3-2-4-6-8-10-12-15(16)13-14/h7,9,14H,2-6,8,10-13H2,1H3"
CC(=CCCC(=CCCC(C)(C=C)O)C)C,1,C=CC(C)(O)CCC=C(C)CCC=C(C)C,"InChI=1S/C15H26O/c1-6-15(5,16)12-8-11-14(4)10-7-9-13(2)3/h6,9,11,16H,1,7-8,10,12H2,2-5H3"
CC(=CCCC(=CCCC(C)(C=C)O)C)C,1,C=CC(C)(O)CCC=C(C)CCC=C(C)C,"InChI=1S/C15H26O/c1-6-15(5,16)12-8-11-14(4)10-7-9-13(2)3/h6,9,11,16H,1,7-8,10,12H2,2-5H3"
CC1CCC2C1C3C(C3(C)C)CCC2(C)O,1,CC1CCC2C1C1C(CCC2(C)O)C1(C)C,"InChI=1S/C15H26O/c1-9-5-6-10-12(9)13-11(14(13,2)3)7-8-15(10,4)16/h9-13,16H,5-8H2,1-4H3"
CC(C)CC(=O)OC1CC2CCC1(C2(C)C)C,1,CC(C)CC(=O)OC1CC2CCC1(C)C2(C)C,"InChI=1S/C15H26O2/c1-10(2)8-13(16)17-12-9-11-6-7-15(12,5)14(11,3)4/h10-12H,6-9H2,1-5H3"
CC(C)CC(=O)OC1CC2CCC1(C2(C)C)C,1,CC(C)CC(=O)OC1CC2CCC1(C)C2(C)C,"InChI=1S/C15H26O2/c1-10(2)8-13(16)17-12-9-11-6-7-15(12,5)14(11,3)4/h10-12H,6-9H2,1-5H3"
CC(C)CC(=O)OCC=C(C)CCC=C(C)C,1,CC(C)=CCCC(C)=CCOC(=O)CC(C)C,"InChI=1S/C15H26O2/c1-12(2)7-6-8-14(5)9-10-17-15(16)11-13(3)4/h7,9,13H,6,8,10-11H2,1-5H3"
CCCCC(=O)OC1CC2CCC1(C2(C)C)C,1,CCCCC(=O)OC1CC2CCC1(C)C2(C)C,"InChI=1S/C15H26O2/c1-5-6-7-13(16)17-12-10-11-8-9-15(12,4)14(11,2)3/h11-12H,5-10H2,1-4H3"
CC=C(C)C(=O)OCCC(C)CCC=C(C)C,1,CC=C(C)C(=O)OCCC(C)CCC=C(C)C,"InChI=1S/C15H26O2/c1-6-14(5)15(16)17-11-10-13(4)9-7-8-12(2)3/h6,8,13H,7,9-11H2,1-5H3"
C1CCCCCC(=O)OCCC=CCCCC1,1,O=C1CCCCCCCCCCC=CCCO1,"InChI=1S/C15H26O2/c16-15-13-11-9-7-5-3-1-2-4-6-8-10-12-14-17-15/h8,10H,1-7,9,11-14H2"
CC(CCC=C(C)CCC=C(C)C)CCO,1,CC(C)=CCCC(C)=CCCC(C)CCO,"InChI=1S/C15H28O/c1-13(2)7-5-8-14(3)9-6-10-15(4)11-12-16/h7,9,15-16H,5-6,8,10-12H2,1-4H3"
CC1=CC=CC=C1N2C(=NC3=CC=CC=C3C2=O)C.Cl,0,CC1=CC=CC=C1N1C(C)=NC2=CC=CC=C2C1=O,"InChI=1S/C16H14N2O/c1-11-7-3-6-10-15(11)18-12(2)17-14-9-5-4-8-13(14)16(18)19/h3-10H,1-2H3"
CC1CCC2C13CCC(C(C3)C2(C)C)(C)OC,1,COC1(C)CCC23CC1C(C)(C)C2CCC3C,"InChI=1S/C16H28O/c1-11-6-7-12-14(2,3)13-10-16(11,12)9-8-15(13,4)17-5/h11-13H,6-10H2,1-5H3"
CC1(CCCC2(C1CCC3(C2CCO3)C)C)C,1,CC1(C)CCCC2(C)C1CCC1(C)OCCC12,"InChI=1S/C16H28O/c1-14(2)8-5-9-15(3)12(14)6-10-16(4)13(15)7-11-17-16/h12-13H,5-11H2,1-4H3"
C1CCCCC=CCCCCC(=O)OCCCC1,1,O=C1CCCCC=CCCCCCCCCCO1,"InChI=1S/C16H28O2/c17-16-14-12-10-8-6-4-2-1-3-5-7-9-11-13-15-18-16/h4,6H,1-3,5,7-15H2"
CC1CCCCCCCCCCCCC(=O)C1,1,CC1CCCCCCCCCCCCC(=O)C1,"InChI=1S/C16H30O/c1-15-12-10-8-6-4-2-3-5-7-9-11-13-16(17)14-15/h15H,2-14H2,1H3"
CC1CCCCCCCCCCCCC(=O)C1,1,CC1CCCCCCCCCCCCC(=O)C1,"InChI=1S/C16H30O/c1-15-12-10-8-6-4-2-3-5-7-9-11-13-16(17)14-15/h15H,2-14H2,1H3"
CCCCC(CC)COP(=O)(O)OCC(CC)CCCC,0,CCCCC(CC)COP(=O)(O)OCC(CC)CCCC,"InChI=1S/C16H35O4P/c1-5-9-11-15(7-3)13-19-21(17,18)20-14-16(8-4)12-10-6-2/h15-16H,5-14H2,1-4H3,(H,17,18)"
C[C@@H]1CC(=O)C=C([C@]12C(=O)C3=C(O2)C(=C(C=C3OC)OC)Cl)OC,0,COC1=CC(=O)CC(C)C12OC1=C(C2=O)C(OC)=CC(OC)=C1Cl,"InChI=1S/C17H17ClO6/c1-8-5-9(19)6-12(23-4)17(8)16(20)13-10(21-2)7-11(22-3)14(18)15(13)24-17/h6-8H,5H2,1-4H3"
CN1CC[C@]23[C@@H]4[C@H]1CC5=C2C(=C(C=C5)O)O[C@H]3C(=O)CC4,0,CN1CCC23C4=C5C=CC(O)=C4OC2C(=O)CCC3C1C5,"InChI=1S/C17H19NO3/c1-18-7-6-17-10-3-5-13(20)16(17)21-15-12(19)4-2-9(14(15)17)8-11(10)18/h2,4,10-11,16,19H,3,5-8H2,1H3"
CC(C)(C)NCC(COC1=CC=CC2=C1C[C@@H]([C@@H](C2)O)O)O,0,CC(C)(C)NCC(O)COC1=CC=CC2=C1CC(O)C(O)C2,"InChI=1S/C17H27NO4/c1-17(2,3)18-9-12(19)10-22-16-6-4-5-11-7-14(20)15(21)8-13(11)16/h4-6,12,14-15,18-21H,7-10H2,1-3H3"
CC(=CCCC(=CCCC(=CCOC(=O)C)C)C)C,1,CC(=O)OCC=C(C)CCC=C(C)CCC=C(C)C,"InChI=1S/C17H28O2/c1-14(2)8-6-9-15(3)10-7-11-16(4)12-13-19-17(5)18/h8,10,12H,6-7,9,11,13H2,1-5H3"
CCCC(CCC)C(=O)OC1C[C@H]2CC[C@@H](C1)[N+]2(C)C,0,CCCC(CCC)C(=O)OC1CC2CCC(C1)[N+]2(C)C,"InChI=1S/C17H32NO2/c1-5-7-13(8-6-2)17(19)20-16-11-14-9-10-15(12-16)18(14,3)4/h13-16H,5-12H2,1-4H3/q+1"
C1=CC=C(C=C1)C=CCOC(=O)C=CC2=CC=CC=C2,1,O=C(C=CC1=CC=CC=C1)OCC=CC1=CC=CC=C1,"InChI=1S/C18H16O2/c19-18(14-13-17-10-5-2-6-11-17)20-15-7-12-16-8-3-1-4-9-16/h1-14H,15H2"
C/C=C(/C(=C/C)/C1=CC=C(C=C1)O)C2=CC=C(C=C2)O,0,CC=C(C(=CC)C1=CC=C(O)C=C1)C1=CC=C(O)C=C1,"InChI=1S/C18H18O2/c1-3-17(13-5-9-15(19)10-6-13)18(4-2)14-7-11-16(20)12-8-14/h3-12,19-20H,1-2H3"
C/C=C(C(=C/C)C1=CC=C(C=C1)O)/C2=CC=C(C=C2)O,0,CC=C(C(=CC)C1=CC=C(O)C=C1)C1=CC=C(O)C=C1,"InChI=1S/C18H18O2/c1-3-17(13-5-9-15(19)10-6-13)18(4-2)14-7-11-16(20)12-8-14/h3-12,19-20H,1-2H3"
CN1CCN(CC1)C(C2=CC=CC=C2)C3=CC=CC=C3,0,CN1CCN(C(C2=CC=CC=C2)C2=CC=CC=C2)CC1,"InChI=1S/C18H22N2/c1-19-12-14-20(15-13-19)18(16-8-4-2-5-9-16)17-10-6-3-7-11-17/h2-11,18H,12-15H2,1H3"
CN1CCN(CC1)C(C2=CC=CC=C2)C3=CC=CC=C3.Cl.Cl,0,CN1CCN(C(C2=CC=CC=C2)C2=CC=CC=C2)CC1,"InChI=1S/C18H22N2/c1-19-12-14-20(15-13-19)18(16-8-4-2-5-9-16)17-10-6-3-7-11-17/h2-11,18H,12-15H2,1H3"
CC[C@H](C1=CC=C(C=C1)O)[C@H](CC)C2=CC=C(C=C2)O,0,CCC(C1=CC=C(O)C=C1)C(CC)C1=CC=C(O)C=C1,"InChI=1S/C18H22O2/c1-3-17(13-5-9-15(19)10-6-13)18(4-2)14-7-11-16(20)12-8-14/h5-12,17-20H,3-4H2,1-2H3"
C[N+]1([C@@H]2CC(C[C@H]1[C@H]3[C@@H]2O3)OC(=O)[C@H](CO)C4=CC=CC=C4)C.[Br-],0,C[N+]1(C)C2CC(OC(=O)C(CO)C3=CC=CC=C3)CC1C1OC12,"InChI=1S/C18H24NO4/c1-19(2)14-8-12(9-15(19)17-16(14)23-17)22-18(21)13(10-20)11-6-4-3-5-7-11/h3-7,12-17,20H,8-10H2,1-2H3/q+1"
C[N+]1([C@@H]2CC(C[C@H]1[C@H]3[C@@H]2O3)OC(=O)[C@H](CO)C4=CC=CC=C4)C.[N+](=O)([O-])[O-],0,C[N+]1(C)C2CC(OC(=O)C(CO)C3=CC=CC=C3)CC1C1OC12,"InChI=1S/C18H24NO4/c1-19(2)14-8-12(9-15(19)17-16(14)23-17)22-18(21)13(10-20)11-6-4-3-5-7-11/h3-7,12-17,20H,8-10H2,1-2H3/q+1"
CC(=CCCC(=CCOC(=O)CC1=CC=CC=C1)C)C,1,CC(C)=CCCC(C)=CCOC(=O)CC1=CC=CC=C1,"InChI=1S/C18H24O2/c1-15(2)8-7-9-16(3)12-13-20-18(19)14-17-10-5-4-6-11-17/h4-6,8,10-12H,7,9,13-14H2,1-3H3"
CC(=CCCC(=CCOC(=O)CC1=CC=CC=C1)C)C,1,CC(C)=CCCC(C)=CCOC(=O)CC1=CC=CC=C1,"InChI=1S/C18H24O2/c1-15(2)8-7-9-16(3)12-13-20-18(19)14-17-10-5-4-6-11-17/h4-6,8,10-12H,7,9,13-14H2,1-3H3"
CCN(CC)CCCC(C)NC1=C2C=CC(=CC2=NC=C1)Cl.OP(=O)(O)O.OP(=O)(O)O,0,CCN(CC)CCCC(C)NC1=C2C=CC(Cl)=CC2=NC=C1,"InChI=1S/C18H26ClN3/c1-4-22(5-2)12-6-7-14(3)21-17-10-11-20-18-13-15(19)8-9-16(17)18/h8-11,13-14H,4-7,12H2,1-3H3,(H,20,21)"
CC1COCC2=CC3=C(C=C12)C(C(C3(C)C)C)(C)C,1,CC1COCC2=CC3=C(C=C21)C(C)(C)C(C)C3(C)C,"InChI=1S/C18H26O/c1-11-9-19-10-13-7-15-16(8-14(11)13)18(5,6)12(2)17(15,3)4/h7-8,11-12H,9-10H2,1-6H3"
CCCC[C@@H](CC)COC(=O)/C=C/C1=CC=C(C=C1)OC,0,CCCCC(CC)COC(=O)C=CC1=CC=C(OC)C=C1,"InChI=1S/C18H26O3/c1-4-6-7-15(5-2)14-21-18(19)13-10-16-8-11-17(20-3)12-9-16/h8-13,15H,4-7,14H2,1-3H3"
CCCCC(CC)COC(=O)C=CC1=CC=C(C=C1)OC,0,CCCCC(CC)COC(=O)C=CC1=CC=C(OC)C=C1,"InChI=1S/C18H26O3/c1-4-6-7-15(5-2)14-21-18(19)13-10-16-8-11-17(20-3)12-9-16/h8-13,15H,4-7,14H2,1-3H3"
CCCCC(CC)COC(=O)/C=C/C1=CC=C(C=C1)OC,0,CCCCC(CC)COC(=O)C=CC1=CC=C(OC)C=C1,"InChI=1S/C18H26O3/c1-4-6-7-15(5-2)14-21-18(19)13-10-16-8-11-17(20-3)12-9-16/h8-13,15H,4-7,14H2,1-3H3"
CC(=CCCC(=CCCC(=CCCC(=O)C)C)C)C,1,CC(=O)CCC=C(C)CCC=C(C)CCC=C(C)C,"InChI=1S/C18H30O/c1-15(2)9-6-10-16(3)11-7-12-17(4)13-8-14-18(5)19/h9,11,13H,6-8,10,12,14H2,1-5H3"
CCCCCC[C@H](C/C=CCCCCCCCC(=O)O)O.[Na+],0,CCCCCCC(O)CC=CCCCCCCCC(=O)O,"InChI=1S/C18H34O3/c1-2-3-4-11-14-17(19)15-12-9-7-5-6-8-10-13-16-18(20)21/h9,12,17,19H,2-8,10-11,13-16H2,1H3,(H,20,21)"
CCCCCC[C@H](C/C=C/CCCCCCCC(=O)[O-])O.[Na+],0,CCCCCCC(O)CC=CCCCCCCCC(=O)[O-],"InChI=1S/C18H34O3/c1-2-3-4-11-14-17(19)15-12-9-7-5-6-8-10-13-16-18(20)21/h9,12,17,19H,2-8,10-11,13-16H2,1H3,(H,20,21)/p-1"
CN(C)CCCN1C2=CC=CC=C2CCC3=CC=CC=C31,0,CN(C)CCCN1C2=CC=CC=C2CCC2=CC=CC=C21,"InChI=1S/C19H24N2/c1-20(2)14-7-15-21-18-10-5-3-8-16(18)12-13-17-9-4-6-11-19(17)21/h3-6,8-11H,7,12-15H2,1-2H3"
CN(C)CCCN1C2=CC=CC=C2CCC3=CC=CC=C31.Cl,0,CN(C)CCCN1C2=CC=CC=C2CCC2=CC=CC=C21,"InChI=1S/C19H24N2/c1-20(2)14-7-15-21-18-10-5-3-8-16(18)12-13-17-9-4-6-11-19(17)21/h3-6,8-11H,7,12-15H2,1-2H3"
C[C@]12CC[C@H]3[C@H]([C@@H]1CCC(=O)O2)CCC4=CC(=O)C=C[C@]34C,0,CC12CCC3C(CCC4=CC(=O)C=CC43C)C1CCC(=O)O2,"InChI=1S/C19H24O3/c1-18-9-7-13(20)11-12(18)3-4-14-15(18)8-10-19(2)16(14)5-6-17(21)22-19/h7,9,11,14-16H,3-6,8,10H2,1-2H3"
CC1C2CC3=C(C1(CCN2CC=C(C)C)C)C=C(C=C3)O,0,CC(C)=CCN1CCC2(C)C3=C(C=CC(O)=C3)CC1C2C,"InChI=1S/C19H27NO/c1-13(2)7-9-20-10-8-19(4)14(3)18(20)11-15-5-6-16(21)12-17(15)19/h5-7,12,14,18,21H,8-11H2,1-4H3"
C[C@H]1[C@H]2CC3=C([C@@]1(CCN2CC=C(C)C)C)C=C(C=C3)O,0,CC(C)=CCN1CCC2(C)C3=C(C=CC(O)=C3)CC1C2C,"InChI=1S/C19H27NO/c1-13(2)7-9-20-10-8-19(4)14(3)18(20)11-15-5-6-16(21)12-17(15)19/h5-7,12,14,18,21H,8-11H2,1-4H3"
C[C@]12CC[C@H]3[C@H]([C@@H]1CC[C@H]2O)CCC4=CC(=O)CC[C@]34C,0,CC12CCC(=O)C=C1CCC1C2CCC2(C)C(O)CCC12,"InChI=1S/C19H28O2/c1-18-9-7-13(20)11-12(18)3-4-14-15-5-6-17(21)19(15,2)10-8-16(14)18/h11,14-17,21H,3-10H2,1-2H3"
C1=CC(=C(C=C1C2(C3=C(C(=C(C(=C3Br)Br)Br)Br)C(=O)O2)C4=CC(=C(C=C4)O)S(=O)(=O)[O-])S(=O)(=O)[O-])O,0,O=C1OC(C2=CC(S(=O)(=O)O)=C(O)C=C2)(C2=CC(S(=O)(=O)O)=C(O)C=C2)C2=C(Br)C(Br)=C(Br)C(Br)=C12,"InChI=1S/C20H10Br4O10S2/c21-15-13-14(16(22)18(24)17(15)23)20(34-19(13)27,7-1-3-9(25)11(5-7)35(28,29)30)8-2-4-10(26)12(6-8)36(31,32)33/h1-6,25-26H,(H,28,29,30)(H,31,32,33)"
COC1=CC2=C(C=CN=C2C=C1)[C@H]([C@@H]3CC4CCN3C[C@@H]4C=C)O,0,C=CC1CN2CCC1CC2C(O)C1=CC=NC2=CC=C(OC)C=C12,"InChI=1S/C20H24N2O2/c1-3-13-12-22-9-7-14(13)10-19(22)20(23)16-6-8-21-18-5-4-15(24-2)11-17(16)18/h3-6,8,11,13-14,19-20,23H,1,7,9-10,12H2,2H3"
COC1=CC2=C(C=CN=C2C=C1)C(C3CC4CCN3CC4C=C)O.OS(=O)(=O)O,0,C=CC1CN2CCC1CC2C(O)C1=CC=NC2=CC=C(OC)C=C12,"InChI=1S/C20H24N2O2/c1-3-13-12-22-9-7-14(13)10-19(22)20(23)16-6-8-21-18-5-4-15(24-2)11-17(16)18/h3-6,8,11,13-14,19-20,23H,1,7,9-10,12H2,2H3"
COC1=CC2=C(C=CN=C2C=C1)[C@H]([C@H]3C[C@@H]4CCN3C[C@@H]4C=C)O,0,C=CC1CN2CCC1CC2C(O)C1=CC=NC2=CC=C(OC)C=C12,"InChI=1S/C20H24N2O2/c1-3-13-12-22-9-7-14(13)10-19(22)20(23)16-6-8-21-18-5-4-15(24-2)11-17(16)18/h3-6,8,11,13-14,19-20,23H,1,7,9-10,12H2,2H3"
COC1=CC2=C(C=CN=C2C=C1)[C@H]([C@@H]3C[C@@H]4CCN3C[C@@H]4C=C)O,0,C=CC1CN2CCC1CC2C(O)C1=CC=NC2=CC=C(OC)C=C12,"InChI=1S/C20H24N2O2/c1-3-13-12-22-9-7-14(13)10-19(22)20(23)16-6-8-21-18-5-4-15(24-2)11-17(16)18/h3-6,8,11,13-14,19-20,23H,1,7,9-10,12H2,2H3"
COC1=CC2=C(C=CN=C2C=C1)C(C3CC4CCN3CC4C=C)O.OS(=O)(=O)O,0,C=CC1CN2CCC1CC2C(O)C1=CC=NC2=CC=C(OC)C=C12,"InChI=1S/C20H24N2O2/c1-3-13-12-22-9-7-14(13)10-19(22)20(23)16-6-8-21-18-5-4-15(24-2)11-17(16)18/h3-6,8,11,13-14,19-20,23H,1,7,9-10,12H2,2H3"
C[C@]12CC[C@H]3[C@H]([C@@H]1CC[C@]2(C#C)O)CCC4=C3CCC(=O)C4,0,C#CC1(O)CCC2C3CCC4=C(CCC(=O)C4)C3CCC21C,"InChI=1S/C20H26O2/c1-3-20(22)11-9-18-17-6-4-13-12-14(21)5-7-15(13)16(17)8-10-19(18,20)2/h1,16-18,22H,4-12H2,2H3"
CC12CCC3C(C1CCC2(C#C)O)CCC4=C3CCC(=O)C4,0,C#CC1(O)CCC2C3CCC4=C(CCC(=O)C4)C3CCC21C,"InChI=1S/C20H26O2/c1-3-20(22)11-9-18-17-6-4-13-12-14(21)5-7-15(13)16(17)8-10-19(18,20)2/h1,16-18,22H,4-12H2,2H3"
CCCCCCCCC=CCCCCCCCC(=O)OCC,1,CCCCCCCCC=CCCCCCCCC(=O)OCC,"InChI=1S/C20H38O2/c1-3-5-6-7-8-9-10-11-12-13-14-15-16-17-18-19-20(21)22-4-2/h11-12H,3-10,13-19H2,1-2H3"
CC(C)CCCC(C)CCCC(C)CCCC(=CCO)C,1,CC(=CCO)CCCC(C)CCCC(C)CCCC(C)C,"InChI=1S/C20H40O/c1-17(2)9-6-10-18(3)11-7-12-19(4)13-8-14-20(5)15-16-21/h15,17-19,21H,6-14,16H2,1-5H3"
CN(C)[C@H]1[C@@H]2C[C@@H]3[C@@H](C4=C(C=CC(=C4C(=C3C(=O)[C@@]2(C(=C(C1=O)C(=O)N)O)O)O)O)Cl)O.Cl,0,CN(C)C1C(=O)C(C(N)=O)=C(O)C2(O)C(=O)C3=C(O)C4=C(O)C=CC(Cl)=C4C(O)C3CC12,"InChI=1S/C21H21ClN2O8/c1-24(2)14-7-5-6-10(16(27)12-9(25)4-3-8(22)11(12)15(6)26)18(29)21(7,32)19(30)13(17(14)28)20(23)31/h3-4,6-7,14-15,25-27,30,32H,5H2,1-2H3,(H2,23,31)"
COC1=C(C=C(C=C1)/C(=C/C(=O)N2CCOCC2)/C3=CC=C(C=C3)Cl)OC,0,COC1=C(OC)C=C(C(=CC(=O)N2CCOCC2)C2=CC=C(Cl)C=C2)C=C1,"InChI=1S/C21H22ClNO4/c1-25-19-8-5-16(13-20(19)26-2)18(15-3-6-17(22)7-4-15)14-21(24)23-9-11-27-12-10-23/h3-8,13-14H,9-12H2,1-2H3"
COC1=C(C=C(C=C1)C(=CC(=O)N2CCOCC2)C3=CC=C(C=C3)Cl)OC,0,COC1=C(OC)C=C(C(=CC(=O)N2CCOCC2)C2=CC=C(Cl)C=C2)C=C1,"InChI=1S/C21H22ClNO4/c1-25-19-8-5-16(13-20(19)26-2)18(15-3-6-17(22)7-4-15)14-21(24)23-9-11-27-12-10-23/h3-8,13-14H,9-12H2,1-2H3"
C1CN2CC3=CCOC4CC(=O)N5C6C4C3CC2C61C7=CC=CC=C75,0,O=C1CC2OCC=C3CN4CCC56C7=CC=CC=C7N1C5C2C3CC46,"InChI=1S/C21H22N2O2/c24-18-10-16-19-13-9-17-21(6-7-22(17)11-12(13)5-8-25-16)14-3-1-2-4-15(14)23(18)20(19)21/h1-5,13,16-17,19-20H,6-11H2"
C[C@@](C1=CC=CC=C1)(C2=CC=C(C=C2)Cl)OCC[C@H]3CCCN3C.C(=C/C(=O)O)C(=O)O,0,CN1CCCC1CCOC(C)(C1=CC=CC=C1)C1=CC=C(Cl)C=C1,"InChI=1S/C21H26ClNO/c1-21(17-7-4-3-5-8-17,18-10-12-19(22)13-11-18)24-16-14-20-9-6-15-23(20)2/h3-5,7-8,10-13,20H,6,9,14-16H2,1-2H3"
CC[C@@]12CC[C@@H]3[C@@H]([C@H]1CC[C@@]2(C#C)O)CCC4=CC(=O)CC[C@@H]34,0,C#CC1(O)CCC2C3CCC4=CC(=O)CCC4C3CCC21CC,"InChI=1S/C21H28O2/c1-3-20-11-9-17-16-8-6-15(22)13-14(16)5-7-18(17)19(20)10-12-21(20,23)4-2/h2,13,16-19,23H,3,5-12H2,1H3"
CC12CCC3C(C1CCC2(C)O)CCC4C3(CC(=CO)C(=O)C4)C,0,CC12CC(=CO)C(=O)CC1CCC1C2CCC2(C)C1CCC2(C)O,"InChI=1S/C21H32O3/c1-19-11-13(12-22)18(23)10-14(19)4-5-15-16(19)6-8-20(2)17(15)7-9-21(20,3)24/h12,14-17,22,24H,4-11H2,1-3H3"
CN1CCC2=CC3=C(C(=C2[C@@H]1[C@@H]4C5=C(C(=C(C=C5)OC)OC)C(=O)O4)OC)OCO3,0,COC1=CC=C2C(=C1OC)C(=O)OC2C1C2=C(OC)C3=C(C=C2CCN1C)OCO3,"InChI=1S/C22H23NO7/c1-23-8-7-11-9-14-20(29-10-28-14)21(27-4)15(11)17(23)18-12-5-6-13(25-2)19(26-3)16(12)22(24)30-18/h5-6,9,17-18H,7-8,10H2,1-4H3"
CN1CCC2=CC3=C(C(=C2[C@@H]1[C@H]4C5=C(C(=C(C=C5)OC)OC)C(=O)O4)OC)OCO3,0,COC1=CC=C2C(=C1OC)C(=O)OC2C1C2=C(OC)C3=C(C=C2CCN1C)OCO3,"InChI=1S/C22H23NO7/c1-23-8-7-11-9-14-20(29-10-28-14)21(27-4)15(11)17(23)18-12-5-6-13(25-2)19(26-3)16(12)22(24)30-18/h5-6,9,17-18H,7-8,10H2,1-4H3"
C[C@@]1([C@H]2C[C@H]3[C@@H](C(=O)C(=C([C@]3(C(=O)C2=C(C4=C1C=CC=C4O)O)O)O)C(=O)N)N(C)C)O.Cl,0,CN(C)C1C(=O)C(C(N)=O)=C(O)C2(O)C(=O)C3=C(O)C4=C(C=CC=C4O)C(C)(O)C3CC12,"InChI=1S/C22H24N2O8/c1-21(31)8-5-4-6-11(25)12(8)16(26)13-9(21)7-10-15(24(2)3)17(27)14(20(23)30)19(29)22(10,32)18(13)28/h4-6,9-10,15,25-26,29,31-32H,7H2,1-3H3,(H2,23,30)"
C[C@@]1([C@H]2C[C@H]3[C@@H](C(=O)C(=C([C@]3(C(=O)C2=C(C4=C1C=CC=C4O)O)O)O)C(=O)N)N(C)C)O,0,CN(C)C1C(=O)C(C(N)=O)=C(O)C2(O)C(=O)C3=C(O)C4=C(C=CC=C4O)C(C)(O)C3CC12,"InChI=1S/C22H24N2O8/c1-21(31)8-5-4-6-11(25)12(8)16(26)13-9(21)7-10-15(24(2)3)17(27)14(20(23)30)19(29)22(10,32)18(13)28/h4-6,9-10,15,25-26,29,31-32H,7H2,1-3H3,(H2,23,30)"
CCCCCCCC(C)(C)C1=CC(=C(C=C1)[C@@H]2CCC[C@@H](C2)O)O,0,CCCCCCCC(C)(C)C1=CC(O)=C(C2CCCC(O)C2)C=C1,"InChI=1S/C22H36O2/c1-4-5-6-7-8-14-22(2,3)18-12-13-20(21(24)16-18)17-10-9-11-19(23)15-17/h12-13,16-17,19,23-24H,4-11,14-15H2,1-3H3"
COC1=C(C=C2C(=C1)[C@]34CCN5[C@H]3C[C@@H]6[C@@H]7C4N2C(=O)CC7OCC=C6C5)OC,0,COC1=C(OC)C=C2C(=C1)N1C(=O)CC3OCC=C4CN5CCC26C5CC4C3C16,"InChI=1S/C23H26N2O4/c1-27-16-8-14-15(9-17(16)28-2)25-20(26)10-18-21-13-7-19-23(14,22(21)25)4-5-24(19)11-12(13)3-6-29-18/h3,8-9,13,18-19,21-22H,4-7,10-11H2,1-2H3"
COC1=C(C=C2C(=C1)C34CCN5C3CC6C7C4N2C(=O)CC7OCC=C6C5)OC,0,COC1=C(OC)C=C2C(=C1)N1C(=O)CC3OCC=C4CN5CCC26C5CC4C3C16,"InChI=1S/C23H26N2O4/c1-27-16-8-14-15(9-17(16)28-2)25-20(26)10-18-21-13-7-19-23(14,22(21)25)4-5-24(19)11-12(13)3-6-29-18/h3,8-9,13,18-19,21-22H,4-7,10-11H2,1-2H3"
CC(=O)[C@]1(CC[C@@H]2[C@@]1(CC[C@H]3[C@H]2C=C(C4=CC(=O)CC[C@]34C)Cl)C)OC(=O)C,0,CC(=O)OC1(C(C)=O)CCC2C3C=C(Cl)C4=CC(=O)CCC4(C)C3CCC21C,"InChI=1S/C23H29ClO4/c1-13(25)23(28-14(2)26)10-7-18-16-12-20(24)19-11-15(27)5-8-21(19,3)17(16)6-9-22(18,23)4/h11-12,16-18H,5-10H2,1-4H3"
CN1CCN(CC1)CC/C=C/2C3=CC=CC=C3SC4=C2C=C(C=C4)S(=O)(=O)N(C)C,0,CN1CCN(CCC=C2C3=CC=CC=C3SC3=C2C=C(S(=O)(=O)N(C)C)C=C3)CC1,"InChI=1S/C23H29N3O2S2/c1-24(2)30(27,28)18-10-11-23-21(17-18)19(20-7-4-5-9-22(20)29-23)8-6-12-26-15-13-25(3)14-16-26/h4-5,7-11,17H,6,12-16H2,1-3H3"
CN1CCN(CC1)CC/C=C2/C3=CC=CC=C3SC4=C2C=C(C=C4)S(=O)(=O)N(C)C,0,CN1CCN(CCC=C2C3=CC=CC=C3SC3=C2C=C(S(=O)(=O)N(C)C)C=C3)CC1,"InChI=1S/C23H29N3O2S2/c1-24(2)30(27,28)18-10-11-23-21(17-18)19(20-7-4-5-9-22(20)29-23)8-6-12-26-15-13-25(3)14-16-26/h4-5,7-11,17H,6,12-16H2,1-3H3"
C[C@]12CCC(=O)C=C1[C@H](C[C@@H]3[C@@H]2[C@H](C[C@]4([C@H]3C[C@@H]5[C@]4(OC(O5)(C)C)C(=O)CO)C)O)F,0,CC1(C)OC2CC3C4CC(F)C5=CC(=O)CCC5(C)C4C(O)CC3(C)C2(C(=O)CO)O1,"InChI=1S/C24H33FO6/c1-21(2)30-19-9-14-13-8-16(25)15-7-12(27)5-6-22(15,3)20(13)17(28)10-23(14,4)24(19,31-21)18(29)11-26/h7,13-14,16-17,19-20,26,28H,5-6,8-11H2,1-4H3"
CCN(CC)C1=CC=C(C=C1)C(=C2C=CC(=[N+](CC)CC)C=C2)C3=CC=CC=C3.OS(=O)(=O)[O-],0,CCN(CC)C1=CC=C(C(=C2C=CC(=[N+](CC)CC)C=C2)C2=CC=CC=C2)C=C1,"InChI=1S/C27H33N2/c1-5-28(6-2)25-18-14-23(15-19-25)27(22-12-10-9-11-13-22)24-16-20-26(21-17-24)29(7-3)8-4/h9-21H,5-8H2,1-4H3/q+1"
CC(=O)[O-].[Na+],0,CC(=O)[O-],"InChI=1S/C2H4O2/c1-2(3)4/h1H3,(H,3,4)/p-1"
C[As](=O)(C)O,0,C[As](C)(=O)O,"InChI=1S/C2H7AsO2/c1-3(2,4)5/h1-2H3,(H,4,5)"
CC[N+](CC)(CC)CCOC1=C(C(=CC=C1)OCC[N+](CC)(CC)CC)OCC[N+](CC)(CC)CC.[I-].[I-].[I-],0,CC[N+](CC)(CC)CCOC1=C(OCC[N+](CC)(CC)CC)C(OCC[N+](CC)(CC)CC)=CC=C1,"InChI=1S/C30H60N3O3/c1-10-31(11-2,12-3)22-25-34-28-20-19-21-29(35-26-23-32(13-4,14-5)15-6)30(28)36-27-24-33(16-7,17-8)18-9/h19-21H,10-18,22-27H2,1-9H3/q+3"
CC[N+](CC)(CC)CCOC1=C(C(=CC=C1)OCC[N+](CC)(CC)CC)OCC[N+](CC)(CC)CC.[I-],0,CC[N+](CC)(CC)CCOC1=C(OCC[N+](CC)(CC)CC)C(OCC[N+](CC)(CC)CC)=CC=C1,"InChI=1S/C30H60N3O3/c1-10-31(11-2,12-3)22-25-34-28-20-19-21-29(35-26-23-32(13-4,14-5)15-6)30(28)36-27-24-33(16-7,17-8)18-9/h19-21H,10-18,22-27H2,1-9H3/q+3"
CC1=C(C(=O)C2=CC=CC=C2C1=O)C/C=C(C)/CCCC(C)CCCC(C)CCCC(C)C,0,CC(=CCC1=C(C)C(=O)C2=CC=CC=C2C1=O)CCCC(C)CCCC(C)CCCC(C)C,"InChI=1S/C31H46O2/c1-22(2)12-9-13-23(3)14-10-15-24(4)16-11-17-25(5)20-21-27-26(6)30(32)28-18-7-8-19-29(28)31(27)33/h7-8,18-20,22-24H,9-17,21H2,1-6H3"
CC1=C(C(=O)C2=CC=CC=C2C1=O)C/C=C(C)/CCC[C@H](C)CCC[C@H](C)CCCC(C)C,0,CC(=CCC1=C(C)C(=O)C2=CC=CC=C2C1=O)CCCC(C)CCCC(C)CCCC(C)C,"InChI=1S/C31H46O2/c1-22(2)12-9-13-23(3)14-10-15-24(4)16-11-17-25(5)20-21-27-26(6)30(32)28-18-7-8-19-29(28)31(27)33/h7-8,18-20,22-24H,9-17,21H2,1-6H3"
CC(=O)O[C@H]1C[C@@H]2CC[C@@H]3[C@@H]([C@]2(C[C@@H]1[N+]4(CCCCC4)C)C)CC[C@]5([C@H]3C[C@@H]([C@@H]5OC(=O)C)[N+]6(CCCCC6)C)C,0,CC(=O)OC1CC2CCC3C(CCC4(C)C3CC([N+]3(C)CCCCC3)C4OC(C)=O)C2(C)CC1[N+]1(C)CCCCC1,"InChI=1S/C35H60N2O4/c1-24(38)40-32-21-26-13-14-27-28(35(26,4)23-31(32)37(6)19-11-8-12-20-37)15-16-34(3)29(27)22-30(33(34)41-25(2)39)36(5)17-9-7-10-18-36/h26-33H,7-23H2,1-6H3/q+2"
C1C(C(=O)NO1)N,0,NC1CONC1=O,"InChI=1S/C3H6N2O2/c4-2-1-7-5-3(2)6/h2H,1,4H2,(H,5,6)"
CC(C(=O)[O-])O,0,CC(O)C(=O)O,"InChI=1S/C3H6O3/c1-2(4)3(5)6/h2,4H,1H3,(H,5,6)"
C[C@@H](C(=O)O)O,0,CC(O)C(=O)O,"InChI=1S/C3H6O3/c1-2(4)3(5)6/h2,4H,1H3,(H,5,6)"
C[C@H](C(=O)O)O,0,CC(O)C(=O)O,"InChI=1S/C3H6O3/c1-2(4)3(5)6/h2,4H,1H3,(H,5,6)"
CC(C(=O)[O-])O.[K+],0,CC(O)C(=O)[O-],"InChI=1S/C3H6O3/c1-2(4)3(5)6/h2,4H,1H3,(H,5,6)/p-1"
C[C@H](C(=O)O)N,0,CC(N)C(=O)O,"InChI=1S/C3H7NO2/c1-2(4)3(5)6/h2H,4H2,1H3,(H,5,6)"
CC(C(=O)O)N,0,CC(N)C(=O)O,"InChI=1S/C3H7NO2/c1-2(4)3(5)6/h2H,4H2,1H3,(H,5,6)"
C[C@@H]1[C@H]([C@H](C[C@@H](O1)O[C@@H]2[C@H](O[C@H](C[C@@H]2O)O[C@@H]3[C@H](O[C@H](C[C@@H]3O)O[C@H]4CC[C@]5([C@@H](C4)CC[C@@H]6[C@@H]5CC[C@]7([C@@]6(CC[C@H]7C8=CC(=O)OC8)O)C)C)C)C)O)O,0,CC1OC(OC2C(O)CC(OC3C(O)CC(OC4CCC5(C)C(CCC6C5CCC5(C)C(C7=CC(=O)OC7)CCC65O)C4)OC3C)OC2C)CC(O)C1O,"InChI=1S/C41H64O13/c1-20-36(46)29(42)16-34(49-20)53-38-22(3)51-35(18-31(38)44)54-37-21(2)50-33(17-30(37)43)52-25-8-11-39(4)24(15-25)6-7-28-27(39)9-12-40(5)26(10-13-41(28,40)47)23-14-32(45)48-19-23/h14,20-22,24-31,33-38,42-44,46-47H,6-13,15-19H2,1-5H3"
C[C@@H]1[C@H]([C@H](C[C@@H](O1)O[C@@H]2[C@H](O[C@H](C[C@@H]2O)O[C@@H]3[C@H](O[C@H](C[C@@H]3O)O[C@H]4CC[C@]5([C@@H](C4)CC[C@@H]6[C@@H]5CC[C@]7([C@@]6(CC[C@@H]7C8=CC(=O)OC8)O)C)C)C)C)O)O,0,CC1OC(OC2C(O)CC(OC3C(O)CC(OC4CCC5(C)C(CCC6C5CCC5(C)C(C7=CC(=O)OC7)CCC65O)C4)OC3C)OC2C)CC(O)C1O,"InChI=1S/C41H64O13/c1-20-36(46)29(42)16-34(49-20)53-38-22(3)51-35(18-31(38)44)54-37-21(2)50-33(17-30(37)43)52-25-8-11-39(4)24(15-25)6-7-28-27(39)9-12-40(5)26(10-13-41(28,40)47)23-14-32(45)48-19-23/h14,20-22,24-31,33-38,42-44,46-47H,6-13,15-19H2,1-5H3"
CCC(C)O,1,CCC(C)O,"InChI=1S/C4H10O/c1-3-4(2)5/h4-5H,3H2,1-2H3"
CCC(C)O,1,CCC(C)O,"InChI=1S/C4H10O/c1-3-4(2)5/h4-5H,3H2,1-2H3"
CC(C(C)S)O,1,CC(O)C(C)S,"InChI=1S/C4H10OS/c1-3(5)4(2)6/h3-6H,1-2H3"
C(C(C(=O)O)O)C(=O)O,0,O=C(O)CC(O)C(=O)O,"InChI=1S/C4H6O5/c5-2(4(8)9)1-3(6)7/h2,5H,1H2,(H,6,7)(H,8,9)"
C([C@@H](C(=O)O)N)C(=O)O,0,NC(CC(=O)O)C(=O)O,"InChI=1S/C4H7NO4/c5-2(4(8)9)1-3(6)7/h2H,1,5H2,(H,6,7)(H,8,9)"
C([C@H](C(=O)O)N)C(=O)O,0,NC(CC(=O)O)C(=O)O,"InChI=1S/C4H7NO4/c5-2(4(8)9)1-3(6)7/h2H,1,5H2,(H,6,7)(H,8,9)"
C([C@@H](C(=O)O)N)C(=O)N.O,0,NC(=O)CC(N)C(=O)O,"InChI=1S/C4H8N2O3/c5-2(4(8)9)1-3(6)7/h2H,1,5H2,(H2,6,7)(H,8,9)"
C(/C=C/CO)O,0,OCC=CCO,"InChI=1S/C4H8O2/c5-3-1-2-4-6/h1-2,5-6H,3-4H2"
C(/C=CCO)O,0,OCC=CCO,"InChI=1S/C4H8O2/c5-3-1-2-4-6/h1-2,5-6H,3-4H2"
CCCCCCCCC=CCCCCCCCC(=O)OCC(COC(=O)CCCCCCCC=CCCCCCCCC)OC(=O)CCCCCCCC=CCCCCCCCC,0,CCCCCCCCC=CCCCCCCCC(=O)OCC(COC(=O)CCCCCCCC=CCCCCCCCC)OC(=O)CCCCCCCC=CCCCCCCCC,"InChI=1S/C57H104O6/c1-4-7-10-13-16-19-22-25-28-31-34-37-40-43-46-49-55(58)61-52-54(63-57(60)51-48-45-42-39-36-33-30-27-24-21-18-15-12-9-6-3)53-62-56(59)50-47-44-41-38-35-32-29-26-23-20-17-14-11-8-5-2/h25-30,54H,4-24,31-53H2,1-3H3"
CCCCCCCC/C=C/CCCCCCCC(=O)OCC(OC(=O)CCCCCCC/C=C/CCCCCCCC)COC(=O)CCCCCCC/C=C/CCCCCCCC,0,CCCCCCCCC=CCCCCCCCC(=O)OCC(COC(=O)CCCCCCCC=CCCCCCCCC)OC(=O)CCCCCCCC=CCCCCCCCC,"InChI=1S/C57H104O6/c1-4-7-10-13-16-19-22-25-28-31-34-37-40-43-46-49-55(58)61-52-54(63-57(60)51-48-45-42-39-36-33-30-27-24-21-18-15-12-9-6-3)53-62-56(59)50-47-44-41-38-35-32-29-26-23-20-17-14-11-8-5-2/h25-30,54H,4-24,31-53H2,1-3H3"
CCC=CCO,1,CCC=CCO,"InChI=1S/C5H10O/c1-2-3-4-5-6/h3-4,6H,2,5H2,1H3"
CCC(C)C=O,1,CCC(C)C=O,"InChI=1S/C5H10O/c1-3-5(2)4-6/h4-5H,3H2,1-2H3"
CCC(C)C=O,1,CCC(C)C=O,"InChI=1S/C5H10O/c1-3-5(2)4-6/h4-5H,3H2,1-2H3"
CCC(C)C(=O)O,1,CCC(C)C(=O)O,"InChI=1S/C5H10O2/c1-3-4(2)5(6)7/h4H,3H2,1-2H3,(H,6,7)"
CC(C)CC(=O)O,1,CC(C)CC(=O)O,"InChI=1S/C5H10O2/c1-4(2)3-5(6)7/h4H,3H2,1-2H3,(H,6,7)"
CC1C(CCO1)S,1,CC1OCCC1S,"InChI=1S/C5H10OS/c1-4-5(7)2-3-6-4/h4-5,7H,2-3H2,1H3"
CC(C)C(C(=O)O)N,0,CC(C)C(N)C(=O)O,"InChI=1S/C5H11NO2/c1-3(2)4(6)5(7)8/h3-4H,6H2,1-2H3,(H,7,8)"
CCC(C)CO,1,CCC(C)CO,"InChI=1S/C5H12O/c1-3-5(2)4-6/h5-6H,3-4H2,1-2H3"
CCC(C)CO,1,CCC(C)CO,"InChI=1S/C5H12O/c1-3-5(2)4-6/h5-6H,3-4H2,1-2H3"
CC=C(C)C=O,1,CC=C(C)C=O,"InChI=1S/C5H8O/c1-3-5(2)4-6/h3-4H,1-2H3"
CC=C(C)C(=O)O,1,CC=C(C)C(=O)O,"InChI=1S/C5H8O2/c1-3-4(2)5(6)7/h3H,1-2H3,(H,6,7)"
CC1C(=O)CCO1,1,CC1OCCC1=O,"InChI=1S/C5H8O2/c1-4-5(6)2-3-7-4/h4H,2-3H2,1H3"
C1CC(NC1)C(=O)O,0,O=C(O)C1CCCN1,"InChI=1S/C5H9NO2/c7-5(8)4-2-1-3-6-4/h4,6H,1-3H2,(H,7,8)"
C1C[C@H](NC1)C(=O)O,0,O=C(O)C1CCCN1,"InChI=1S/C5H9NO2/c7-5(8)4-2-1-3-6-4/h4,6H,1-3H2,(H,7,8)"
C(CC(=O)O)[C@@H](C(=O)[O-])N.[Na+],0,NC(CCC(=O)O)C(=O)[O-],"InChI=1S/C5H9NO4/c6-3(5(9)10)1-2-4(7)8/h3H,1-2,6H2,(H,7,8)(H,9,10)/p-1"
CCC=CCC=O,1,CCC=CCC=O,"InChI=1S/C6H10O/c1-2-3-4-5-6-7/h3-4,6H,2,5H2,1H3"
CCCC=CC=O,1,CCCC=CC=O,"InChI=1S/C6H10O/c1-2-3-4-5-6-7/h4-6H,2-3H2,1H3"
CCCC=CC=O,1,CCCC=CC=O,"InChI=1S/C6H10O/c1-2-3-4-5-6-7/h4-6H,2-3H2,1H3"
CCC=C(C)C=O,1,CCC=C(C)C=O,"InChI=1S/C6H10O/c1-3-4-6(2)5-7/h4-5H,3H2,1-2H3"
CC=C(C)C(=O)C,1,CC=C(C)C(C)=O,"InChI=1S/C6H10O/c1-4-5(2)6(3)7/h4H,1-3H3"
CCC=CCC(=O)O,1,CCC=CCC(=O)O,"InChI=1S/C6H10O2/c1-2-3-4-5-6(7)8/h3-4H,2,5H2,1H3,(H,7,8)"
CCC1CCC(=O)O1,1,CCC1CCC(=O)O1,"InChI=1S/C6H10O2/c1-2-5-3-4-6(7)8-5/h5H,2-4H2,1H3"
CCC=C(C)C(=O)O,1,CCC=C(C)C(=O)O,"InChI=1S/C6H10O2/c1-3-4-5(2)6(7)8/h4H,3H2,1-2H3,(H,7,8)"
CC1CCCC(=O)O1,1,CC1CCCC(=O)O1,"InChI=1S/C6H10O2/c1-5-3-2-4-6(7)8-5/h5H,2-4H2,1H3"
C(CCC(=O)[O-])CC(=O)[O-],0,O=C(O)CCCCC(=O)O,"InChI=1S/C6H10O4/c7-5(8)3-1-2-4-6(9)10/h1-4H2,(H,7,8)(H,9,10)"
CC=CCCCO,1,CC=CCCCO,"InChI=1S/C6H12O/c1-2-3-4-5-6-7/h2-3,7H,4-6H2,1H3"
CCC=CCCO,1,CCC=CCCO,"InChI=1S/C6H12O/c1-2-3-4-5-6-7/h3-4,7H,2,5-6H2,1H3"
CCCC=CCO,1,CCCC=CCO,"InChI=1S/C6H12O/c1-2-3-4-5-6-7/h4-5,7H,2-3,6H2,1H3"
CCC(C)C(=O)OC,1,CCC(C)C(=O)OC,"InChI=1S/C6H12O2/c1-4-5(2)6(7)8-3/h5H,4H2,1-3H3"
CCC(C)C(=O)OC,1,CCC(C)C(=O)OC,"InChI=1S/C6H12O2/c1-4-5(2)6(7)8-3/h5H,4H2,1-3H3"
C(C(C(C(C(C=O)O)O)O)O)O,0,O=CC(O)C(O)C(O)C(O)CO,"InChI=1S/C6H12O6/c7-1-3(9)5(11)6(12)4(10)2-8/h1,3-6,8-12H,2H2"
C([C@H]([C@H]([C@@H]([C@H](C=O)O)O)O)O)O,0,O=CC(O)C(O)C(O)C(O)CO,"InChI=1S/C6H12O6/c7-1-3(9)5(11)6(12)4(10)2-8/h1,3-6,8-12H,2H2"
C1[C@H]([C@H]([C@@H](C(O1)(CO)O)O)O)O,0,OCC1(O)OCC(O)C(O)C1O,"InChI=1S/C6H12O6/c7-2-6(11)5(10)4(9)3(8)1-12-6/h3-5,7-11H,1-2H2"
CC[C@H](C)[C@@H](C(=O)O)N,0,CCC(C)C(N)C(=O)O,"InChI=1S/C6H13NO2/c1-3-4(2)5(7)6(8)9/h4-5H,3,7H2,1-2H3,(H,8,9)"
CC(C)CC(C(=O)O)N,0,CC(C)CC(N)C(=O)O,"InChI=1S/C6H13NO2/c1-4(2)3-5(7)6(8)9/h4-5H,3,7H2,1-2H3,(H,8,9)"
C[N+](C)(C)CCOC(=O)N.[Cl-],0,C[N+](C)(C)CCOC(N)=O,"InChI=1S/C6H14N2O2/c1-8(2,3)4-5-10-6(7)9/h4-5H2,1-3H3,(H-,7,9)/p+1"
C(CCN)C[C@@H](C(=O)O)N.Cl,0,NCCCCC(N)C(=O)O,"InChI=1S/C6H14N2O2/c7-4-2-1-3-5(8)6(9)10/h5H,1-4,7-8H2,(H,9,10)"
C(C[C@@H](C(=O)O)N)CN=C(N)N.Cl,0,NC(N)=NCCCC(N)C(=O)O,"InChI=1S/C6H14N4O2/c7-4(5(11)12)2-1-3-10-6(8)9/h4H,1-3,7H2,(H,11,12)(H4,8,9,10)"
CCCCC(C)O,1,CCCCC(C)O,"InChI=1S/C6H14O/c1-3-4-5-6(2)7/h6-7H,3-5H2,1-2H3"
CCCCC(C)O,1,CCCCC(C)O,"InChI=1S/C6H14O/c1-3-4-5-6(2)7/h6-7H,3-5H2,1-2H3"
CCC(C)CCO,1,CCC(C)CCO,"InChI=1S/C6H14O/c1-3-6(2)4-5-7/h6-7H,3-5H2,1-2H3"
CCCC(CCO)S,1,CCCC(S)CCO,"InChI=1S/C6H14OS/c1-2-3-6(8)4-5-7/h6-8H,2-5H2,1H3"
C1=C(C=C(C(=C1[N+](=O)[O-])[O-])[N+](=O)[O-])[N+](=O)[O-],0,O=[N+]([O-])C1=CC([N+](=O)[O-])=C(O)C([N+](=O)[O-])=C1,"InChI=1S/C6H3N3O7/c10-6-4(8(13)14)1-3(7(11)12)2-5(6)9(15)16/h1-2,10H"
C/C=C/C=CC(=O)O,0,CC=CC=CC(=O)O,"InChI=1S/C6H8O2/c1-2-3-4-5-6(7)8/h2-5H,1H3,(H,7,8)"
C(C(C1C(=C(C(=O)O1)O)[O-])O)O.[Na+],0,O=C1OC(C(O)CO)C([O-])=C1O,"InChI=1S/C6H8O6/c7-1-2(8)5-3(9)4(10)6(11)12-5/h2,5,7-10H,1H2/p-1"
C([C@@H]([C@@H]1C(=C(C(=O)O1)O)[O-])O)O.[Na+],0,O=C1OC(C(O)CO)C([O-])=C1O,"InChI=1S/C6H8O6/c7-1-2(8)5-3(9)4(10)6(11)12-5/h2,5,7-10H,1H2/p-1"
C(C(=O)[O-])C(CC(=O)[O-])(C(=O)[O-])O.[K+].[K+].[K+],0,O=C([O-])CC(O)(CC(=O)[O-])C(=O)[O-],"InChI=1S/C6H8O7/c7-3(8)1-6(13,5(11)12)2-4(9)10/h13H,1-2H2,(H,7,8)(H,9,10)(H,11,12)/p-3"
C(C(=O)[O-])C(CC(=O)[O-])(C(=O)[O-])O.O.O.[Na+].[Na+].[Na+],0,O=C([O-])CC(O)(CC(=O)[O-])C(=O)[O-],"InChI=1S/C6H8O7/c7-3(8)1-6(13,5(11)12)2-4(9)10/h13H,1-2H2,(H,7,8)(H,9,10)(H,11,12)/p-3"
C(C(=O)[O-])C(CC(=O)[O-])(C(=O)[O-])O.O.[K+].[K+].[K+],0,O=C([O-])CC(O)(CC(=O)[O-])C(=O)[O-],"InChI=1S/C6H8O7/c7-3(8)1-6(13,5(11)12)2-4(9)10/h13H,1-2H2,(H,7,8)(H,9,10)(H,11,12)/p-3"
C1=C(NC=N1)C[C@@H](C(=O)O)N.O.Cl,0,NC(CC1=CN=CN1)C(=O)O,"InChI=1S/C6H9N3O2/c7-5(6(10)11)1-4-2-8-3-9-4/h2-3,5H,1,7H2,(H,8,9)(H,10,11)"
CCNC(=O)NC(=O)/C(=N/OC)/C#N,0,CCNC(=O)NC(=O)C(C#N)=NOC,"InChI=1S/C7H10N4O3/c1-3-9-7(13)10-6(12)5(4-8)11-14-2/h3H2,1-2H3,(H2,9,10,12,13)"
CCC=CC=CC=O,1,CCC=CC=CC=O,"InChI=1S/C7H10O/c1-2-3-4-5-6-7-8/h3-7H,2H2,1H3"
CCC=CC=CC=O,1,CCC=CC=CC=O,"InChI=1S/C7H10O/c1-2-3-4-5-6-7-8/h3-7H,2H2,1H3"
CC1C(=O)C(=C(O1)C)OC,1,COC1=C(C)OC(C)C1=O,"InChI=1S/C7H10O3/c1-4-6(8)7(9-3)5(2)10-4/h4H,1-3H3"
CCC=CC=CCO,1,CCC=CC=CCO,"InChI=1S/C7H12O/c1-2-3-4-5-6-7-8/h3-6,8H,2,7H2,1H3"
CCC=CCCOC=O,1,CCC=CCCOC=O,"InChI=1S/C7H12O2/c1-2-3-4-5-6-9-7-8/h3-4,7H,2,5-6H2,1H3"
CCCC1CCC(=O)O1,1,CCCC1CCC(=O)O1,"InChI=1S/C7H12O2/c1-2-3-6-4-5-7(8)9-6/h6H,2-5H2,1H3"
CCCC1CCC(=O)O1,1,CCCC1CCC(=O)O1,"InChI=1S/C7H12O2/c1-2-3-6-4-5-7(8)9-6/h6H,2-5H2,1H3"
CCC=CCC(=O)OC,1,CCC=CCC(=O)OC,"InChI=1S/C7H12O2/c1-3-4-5-6-7(8)9-2/h4-5H,3,6H2,1-2H3"
CC(C)C=C(C)C(=O)O,1,CC(=CC(C)C)C(=O)O,"InChI=1S/C7H12O2/c1-5(2)4-6(3)7(8)9/h4-5H,1-3H3,(H,8,9)"
CCCC=CCCO,1,CCCC=CCCO,"InChI=1S/C7H14O/c1-2-3-4-5-6-7-8/h4-5,8H,2-3,6-7H2,1H3"
CCC(C)C(=O)OCC,1,CCOC(=O)C(C)CC,"InChI=1S/C7H14O2/c1-4-6(3)7(8)9-5-2/h6H,4-5H2,1-3H3"
CCCCOC(=O)C(C)O,1,CCCCOC(=O)C(C)O,"InChI=1S/C7H14O3/c1-3-4-5-10-7(9)6(2)8/h6,8H,3-5H2,1-2H3"
C1CNP(=O)(OC1)N(CCCl)CCCl.O,0,O=P1(N(CCCl)CCCl)NCCCO1,"InChI=1S/C7H15Cl2N2O2P/c8-2-5-11(6-3-9)14(12)10-4-1-7-13-14/h1-7H2,(H,10,12)"
CCCCCCC,1,CCCCCCC,"InChI=1S/C7H16/c1-3-5-7-6-4-2/h3-7H2,1-2H3"
CCCCCC(C)O,1,CCCCCC(C)O,"InChI=1S/C7H16O/c1-3-4-5-6-7(2)8/h7-8H,3-6H2,1-2H3"
CCCCCC(C)O,1,CCCCCC(C)O,"InChI=1S/C7H16O/c1-3-4-5-6-7(2)8/h7-8H,3-6H2,1-2H3"
CCCCC(CC)O,1,CCCCC(O)CC,"InChI=1S/C7H16O/c1-3-5-6-7(8)4-2/h7-8H,3-6H2,1-2H3"
CCC(C)CCCO,1,CCC(C)CCCO,"InChI=1S/C7H16O/c1-3-7(2)5-4-6-8/h7-8H,3-6H2,1-2H3"
C1=CC=C2C(=C1)C(=O)[N-]S2(=O)=O.[Na+],0,O=C1[N-]S(=O)(=O)C2=CC=CC=C12,"InChI=1S/C7H5NO3S/c9-7-5-3-1-2-4-6(5)12(10,11)8-7/h1-4H,(H,8,9)/p-1"
CC(C1=CC=CC=C1)O,1,CC(O)C1=CC=CC=C1,"InChI=1S/C8H10O/c1-7(9)8-5-3-2-4-6-8/h2-7,9H,1H3"
CC(C1=CC=CC=C1)O,1,CC(O)C1=CC=CC=C1,"InChI=1S/C8H10O/c1-7(9)8-5-3-2-4-6-8/h2-7,9H,1H3"
C1C[C@H]2[C@@H]([C@@H]([C@@H]1O2)C(=O)O)C(=O)O,0,O=C(O)C1C2CCC(O2)C1C(=O)O,"InChI=1S/C8H10O5/c9-7(10)5-3-1-2-4(13-3)6(5)8(11)12/h3-6H,1-2H2,(H,9,10)(H,11,12)"
C1CC2C(C(C1O2)C(=O)[O-])C(=O)[O-].[Na+].[Na+],0,O=C([O-])C1C2CCC(O2)C1C(=O)[O-],"InChI=1S/C8H10O5/c9-7(10)5-3-1-2-4(13-3)6(5)8(11)12/h3-6H,1-2H2,(H,9,10)(H,11,12)/p-2"
CC1=C(C(=CC=C1)C)S,1,CC1=C(S)C(C)=CC=C1,"InChI=1S/C8H10S/c1-6-4-3-5-7(2)8(6)9/h3-5,9H,1-2H3"
CC1=NC=C(C(=C1O)CO)CO,0,CC1=NC=C(CO)C(CO)=C1O,"InChI=1S/C8H11NO3/c1-5-8(12)7(4-11)6(3-10)2-9-5/h2,10-12H,3-4H2,1H3"
CCC=CC=CC(=O)C,1,CCC=CC=CC(C)=O,"InChI=1S/C8H12O/c1-3-4-5-6-7-8(2)9/h4-7H,3H2,1-2H3"
CCC=CCC(=O)C=C,1,C=CC(=O)CC=CCC,"InChI=1S/C8H12O/c1-3-5-6-7-8(9)4-2/h4-6H,2-3,7H2,1H3"
C[C@@H]1[C@H](C(=O)C(=C1C)O)C,1,CC1=C(O)C(=O)C(C)C1C,"InChI=1S/C8H12O2/c1-4-5(2)7(9)8(10)6(4)3/h4-5,10H,1-3H3"
CC1C(C(=O)C(=C1C)O)C,1,CC1=C(O)C(=O)C(C)C1C,"InChI=1S/C8H12O2/c1-4-5(2)7(9)8(10)6(4)3/h4-5,10H,1-3H3"
CCOC(=O)C=CC(=O)OCC,1,CCOC(=O)C=CC(=O)OCC,"InChI=1S/C8H12O4/c1-3-11-7(9)5-6-8(10)12-4-2/h5-6H,3-4H2,1-2H3"
CC=CCCCCC=O,1,CC=CCCCCC=O,"InChI=1S/C8H14O/c1-2-3-4-5-6-7-8-9/h2-3,8H,4-7H2,1H3"
CCCCCC=CC=O,1,CCCCCC=CC=O,"InChI=1S/C8H14O/c1-2-3-4-5-6-7-8-9/h6-8H,2-5H2,1H3"
CCCCC=CC(=O)C,1,CCCCC=CC(C)=O,"InChI=1S/C8H14O/c1-3-4-5-6-7-8(2)9/h6-7H,3-5H2,1-2H3"
CCC=CCC(C=C)O,1,C=CC(O)CC=CCC,"InChI=1S/C8H14O/c1-3-5-6-7-8(9)4-2/h4-6,8-9H,2-3,7H2,1H3"
CCC=CCC(C=C)O,1,C=CC(O)CC=CCC,"InChI=1S/C8H14O/c1-3-5-6-7-8(9)4-2/h4-6,8-9H,2-3,7H2,1H3"
CCC(C)C(=O)C=CC,1,CC=CC(=O)C(C)CC,"InChI=1S/C8H14O/c1-4-6-8(9)7(3)5-2/h4,6-7H,5H2,1-3H3"
CCC(C)C(=O)C=CC,1,CC=CC(=O)C(C)CC,"InChI=1S/C8H14O/c1-4-6-8(9)7(3)5-2/h4,6-7H,5H2,1-3H3"
CCC=CCCOC(=O)C,1,CCC=CCCOC(C)=O,"InChI=1S/C8H14O2/c1-3-4-5-6-7-10-8(2)9/h4-5H,3,6-7H2,1-2H3"
CCCC=CCOC(=O)C,1,CCCC=CCOC(C)=O,"InChI=1S/C8H14O2/c1-3-4-5-6-7-10-8(2)9/h5-6H,3-4,7H2,1-2H3"
CCCC=CCOC(=O)C,1,CCCC=CCOC(C)=O,"InChI=1S/C8H14O2/c1-3-4-5-6-7-10-8(2)9/h5-6H,3-4,7H2,1-2H3"
CCC=CCC(=O)OCC,1,CCC=CCC(=O)OCC,"InChI=1S/C8H14O2/c1-3-5-6-7-8(9)10-4-2/h5-6H,3-4,7H2,1-2H3"
CC=CC(=O)OCC(C)C,1,CC=CC(=O)OCC(C)C,"InChI=1S/C8H14O2/c1-4-5-8(9)10-6-7(2)3/h4-5,7H,6H2,1-3H3"
CCCOC(=O)C(=CC)C,1,CC=C(C)C(=O)OCCC,"InChI=1S/C8H14O2/c1-4-6-10-8(9)7(3)5-2/h5H,4,6H2,1-3H3"
CCOC(=O)C(C(C(=O)OCC)O)O,1,CCOC(=O)C(O)C(O)C(=O)OCC,"InChI=1S/C8H14O6/c1-3-13-7(11)5(9)6(10)8(12)14-4-2/h5-6,9-10H,3-4H2,1-2H3"
CCC=CCCCCO,1,CCC=CCCCCO,"InChI=1S/C8H16O/c1-2-3-4-5-6-7-8-9/h3-4,9H,2,5-8H2,1H3"
CCCC=CCCCO.CC(=O)O,1,CCCC=CCCCO,"InChI=1S/C8H16O/c1-2-3-4-5-6-7-8-9/h4-5,9H,2-3,6-8H2,1H3"
CCCCCC(C=C)O,1,C=CC(O)CCCCC,"InChI=1S/C8H16O/c1-3-5-6-7-8(9)4-2/h4,8-9H,2-3,5-7H2,1H3"
CCCCCC(C=C)O,1,C=CC(O)CCCCC,"InChI=1S/C8H16O/c1-3-5-6-7-8(9)4-2/h4,8-9H,2-3,5-7H2,1H3"
CCCCC(C=CC)O,1,CC=CC(O)CCCC,"InChI=1S/C8H16O/c1-3-5-7-8(9)6-4-2/h4,6,8-9H,3,5,7H2,1-2H3"
CCCCCC(C)C(=O)O,1,CCCCCC(C)C(=O)O,"InChI=1S/C8H16O2/c1-3-4-5-6-7(2)8(9)10/h7H,3-6H2,1-2H3,(H,9,10)"
CCCCC(CC)C(=O)O,1,CCCCC(CC)C(=O)O,"InChI=1S/C8H16O2/c1-3-5-6-7(4-2)8(9)10/h7H,3-6H2,1-2H3,(H,9,10)"
CCCCC(CC)C(=O)O,1,CCCCC(CC)C(=O)O,"InChI=1S/C8H16O2/c1-3-5-6-7(4-2)8(9)10/h7H,3-6H2,1-2H3,(H,9,10)"
CCCC(C)C(=O)OCC,1,CCCC(C)C(=O)OCC,"InChI=1S/C8H16O2/c1-4-6-7(3)8(9)10-5-2/h7H,4-6H2,1-3H3"
CCCC(CC(=O)OCC)O,1,CCCC(O)CC(=O)OCC,"InChI=1S/C8H16O3/c1-3-5-7(9)6-8(10)11-4-2/h7,9H,3-6H2,1-2H3"
CCOC(=O)C(CC(C)C)O,1,CCOC(=O)C(O)CC(C)C,"InChI=1S/C8H16O3/c1-4-11-8(10)7(9)5-6(2)3/h6-7,9H,4-5H2,1-3H3"
CCOC(=O)C(CC(C)C)O,1,CCOC(=O)C(O)CC(C)C,"InChI=1S/C8H16O3/c1-4-11-8(10)7(9)5-6(2)3/h6-7,9H,4-5H2,1-3H3"
CCCC1CCOC(S1)C,1,CCCC1CCOC(C)S1,"InChI=1S/C8H16OS/c1-3-4-8-5-6-9-7(2)10-8/h7-8H,3-6H2,1-2H3"
CCCC1CCOC(S1)C,1,CCCC1CCOC(C)S1,"InChI=1S/C8H16OS/c1-3-4-8-5-6-9-7(2)10-8/h7-8H,3-6H2,1-2H3"
CCCCCCC(C)O,1,CCCCCCC(C)O,"InChI=1S/C8H18O/c1-3-4-5-6-7-8(2)9/h8-9H,3-7H2,1-2H3"
CCCCCCC(C)O,1,CCCCCCC(C)O,"InChI=1S/C8H18O/c1-3-4-5-6-7-8(2)9/h8-9H,3-7H2,1-2H3"
C1=C(C(=CC(=C1Cl)Cl)Cl)OCC(=O)[O-],0,O=C(O)COC1=CC(Cl)=C(Cl)C=C1Cl,"InChI=1S/C8H5Cl3O3/c9-4-1-6(11)7(2-5(4)10)14-3-8(12)13/h1-2H,3H2,(H,12,13)"
C1COC(=O)N1/N=C/C2=CC=C(O2)[N+](=O)[O-],0,O=C1OCCN1N=CC1=CC=C([N+](=O)[O-])O1,"InChI=1S/C8H7N3O5/c12-8-10(3-4-15-8)9-5-6-1-2-7(16-6)11(13)14/h1-2,5H,3-4H2"
C1=CC=C2C(=C1)C=NN=C2NN.Cl,0,NNC1=NN=CC2=CC=CC=C12,"InChI=1S/C8H8N4/c9-11-8-7-4-2-1-3-6(7)5-10-12-8/h1-5H,9H2,(H,11,12)"
CC(C=O)C1=CC=CC=C1,1,CC(C=O)C1=CC=CC=C1,"InChI=1S/C9H10O/c1-8(7-10)9-5-3-2-4-6-9/h2-8H,1H3"
C1=CC(=C(C=C1C[C@@H](C(=O)O)N)O)O,0,NC(CC1=CC(O)=C(O)C=C1)C(=O)O,"InChI=1S/C9H11NO4/c10-6(9(13)14)3-5-1-2-7(11)8(12)4-5/h1-2,4,6,11-12H,3,10H2,(H,13,14)"
C1=CC(=C(C=C1C[C@H](C(=O)O)N)O)O,0,NC(CC1=CC(O)=C(O)C=C1)C(=O)O,"InChI=1S/C9H11NO4/c10-6(9(13)14)3-5-1-2-7(11)8(12)4-5/h1-2,4,6,11-12H,3,10H2,(H,13,14)"
CCC(C1=CC=CC=C1)O,1,CCC(O)C1=CC=CC=C1,"InChI=1S/C9H12O/c1-2-9(10)8-6-4-3-5-7-8/h3-7,9-10H,2H2,1H3"
CCC(C1=CC=CC=C1)O,1,CCC(O)C1=CC=CC=C1,"InChI=1S/C9H12O/c1-2-9(10)8-6-4-3-5-7-8/h3-7,9-10H,2H2,1H3"
CC(CO)C1=CC=CC=C1,1,CC(CO)C1=CC=CC=C1,"InChI=1S/C9H12O/c1-8(7-10)9-5-3-2-4-6-9/h2-6,8,10H,7H2,1H3"
CC(CO)C1=CC=CC=C1,1,CC(CO)C1=CC=CC=C1,"InChI=1S/C9H12O/c1-8(7-10)9-5-3-2-4-6-9/h2-6,8,10H,7H2,1H3"
C1=CN(C(=O)N=C1N)[C@H]2[C@H]([C@@H]([C@H](O2)CO)O)O,0,NC1=NC(=O)N(C2OC(CO)C(O)C2O)C=C1,"InChI=1S/C9H13N3O5/c10-5-1-2-12(9(16)11-5)8-7(15)6(14)4(3-13)17-8/h1-2,4,6-8,13-15H,3H2,(H2,10,11,16)"
C1=CN(C(=O)N=C1N)C2C(C(C(O2)CO)O)O,0,NC1=NC(=O)N(C2OC(CO)C(O)C2O)C=C1,"InChI=1S/C9H13N3O5/c10-5-1-2-12(9(16)11-5)8-7(15)6(14)4(3-13)17-8/h1-2,4,6-8,13-15H,3H2,(H2,10,11,16)"
C1=CN(C(=O)N=C1N)C2[C@H]([C@@H]([C@H](O2)CO)O)O,0,NC1=NC(=O)N(C2OC(CO)C(O)C2O)C=C1,"InChI=1S/C9H13N3O5/c10-5-1-2-12(9(16)11-5)8-7(15)6(14)4(3-13)17-8/h1-2,4,6-8,13-15H,3H2,(H2,10,11,16)"
CNC[C@@H](C1=CC(=C(C=C1)O)O)O,0,CNCC(O)C1=CC(O)=C(O)C=C1,"InChI=1S/C9H13NO3/c1-10-5-9(13)6-2-3-7(11)8(12)4-6/h2-4,9-13H,5H2,1H3"
CNC[C@H](C1=CC(=C(C=C1)O)O)O,0,CNCC(O)C1=CC(O)=C(O)C=C1,"InChI=1S/C9H13NO3/c1-10-5-9(13)6-2-3-7(11)8(12)4-6/h2-4,9-13H,5H2,1H3"
CNC[C@@H](C1=CC(=C(C=C1)O)O)O.Cl,0,CNCC(O)C1=CC(O)=C(O)C=C1,"InChI=1S/C9H13NO3/c1-10-5-9(13)6-2-3-7(11)8(12)4-6/h2-4,9-13H,5H2,1H3"
CCC=CCCC=CC=O,1,CCC=CCCC=CC=O,"InChI=1S/C9H14O/c1-2-3-4-5-6-7-8-9-10/h3-4,7-9H,2,5-6H2,1H3"
CCC=CCCC=CC=O,1,CCC=CCCC=CC=O,"InChI=1S/C9H14O/c1-2-3-4-5-6-7-8-9-10/h3-4,7-9H,2,5-6H2,1H3"
CCCCC=CC=CC=O,1,CCCCC=CC=CC=O,"InChI=1S/C9H14O/c1-2-3-4-5-6-7-8-9-10/h5-9H,2-4H2,1H3"
CCC=CCC=CCCO,1,CCC=CCC=CCCO,"InChI=1S/C9H16O/c1-2-3-4-5-6-7-8-9-10/h3-4,6-7,10H,2,5,8-9H2,1H3"
CCC=CCC=CCCO,1,CCC=CCC=CCCO,"InChI=1S/C9H16O/c1-2-3-4-5-6-7-8-9-10/h3-4,6-7,10H,2,5,8-9H2,1H3"
CCC=CCCC=CCO,1,CCC=CCCC=CCO,"InChI=1S/C9H16O/c1-2-3-4-5-6-7-8-9-10/h3-4,7-8,10H,2,5-6,9H2,1H3"
CCC=CCCC=CCO,1,CCC=CCCC=CCO,"InChI=1S/C9H16O/c1-2-3-4-5-6-7-8-9-10/h3-4,7-8,10H,2,5-6,9H2,1H3"
CCCCCC=CCC=O,1,CCCCCC=CCC=O,"InChI=1S/C9H16O/c1-2-3-4-5-6-7-8-9-10/h6-7,9H,2-5,8H2,1H3"
CCCCCC=CCC=O,1,CCCCCC=CCC=O,"InChI=1S/C9H16O/c1-2-3-4-5-6-7-8-9-10/h6-7,9H,2-5,8H2,1H3"
CCCCCCC=CC=O,1,CCCCCCC=CC=O,"InChI=1S/C9H16O/c1-2-3-4-5-6-7-8-9-10/h7-9H,2-6H2,1H3"
CCCCCC1CCC(=O)O1,1,CCCCCC1CCC(=O)O1,"InChI=1S/C9H16O2/c1-2-3-4-5-8-6-7-9(10)11-8/h8H,2-7H2,1H3"
CCCCCC1CCC(=O)O1,1,CCCCCC1CCC(=O)O1,"InChI=1S/C9H16O2/c1-2-3-4-5-8-6-7-9(10)11-8/h8H,2-7H2,1H3"
CCCCC1C(CC(=O)O1)C,1,CCCCC1OC(=O)CC1C,"InChI=1S/C9H16O2/c1-3-4-5-8-7(2)6-9(10)11-8/h7-8H,3-6H2,1-2H3"
CCCCC1C(CC(=O)O1)C,1,CCCCC1OC(=O)CC1C,"InChI=1S/C9H16O2/c1-3-4-5-8-7(2)6-9(10)11-8/h7-8H,3-6H2,1-2H3"
CCCCOC(=O)C(=CC)C,1,CC=C(C)C(=O)OCCCC,"InChI=1S/C9H16O2/c1-4-6-7-11-9(10)8(3)5-2/h5H,4,6-7H2,1-3H3"
CC=C(C)C(=O)OCC(C)C,1,CC=C(C)C(=O)OCC(C)C,"InChI=1S/C9H16O2/c1-5-8(4)9(10)11-6-7(2)3/h5,7H,6H2,1-4H3"
CCCCCCC=CCO,1,CCCCCCC=CCO,"InChI=1S/C9H18O/c1-2-3-4-5-6-7-8-9-10/h7-8,10H,2-6,9H2,1H3"
CC1CC(CC(C1)(C)C)O,1,CC1CC(O)CC(C)(C)C1,"InChI=1S/C9H18O/c1-7-4-8(10)6-9(2,3)5-7/h7-8,10H,4-6H2,1-3H3"
CCCCCC1OCC(O1)C,1,CCCCCC1OCC(C)O1,"InChI=1S/C9H18O2/c1-3-4-5-6-9-10-7-8(2)11-9/h8-9H,3-7H2,1-2H3"
CCCCC(C)CCC(=O)O,1,CCCCC(C)CCC(=O)O,"InChI=1S/C9H18O2/c1-3-4-5-8(2)6-7-9(10)11/h8H,3-7H2,1-2H3,(H,10,11)"
CCCCC(C)CCC(=O)O,1,CCCCC(C)CCC(=O)O,"InChI=1S/C9H18O2/c1-3-4-5-8(2)6-7-9(10)11/h8H,3-7H2,1-2H3,(H,10,11)"
C1=CC=C(C=C1)C=CC=O,1,O=CC=CC1=CC=CC=C1,InChI=1S/C9H8O/c10-8-4-7-9-5-2-1-3-6-9/h1-8H
C(=O)(O)O,0,O=C(O)O,"InChI=1S/CH2O3/c2-1(3)4/h(H2,2,3,4)"
C(=O)(O)[O-],0,O=C(O)O,"InChI=1S/CH2O3/c2-1(3)4/h(H2,2,3,4)"
C(=O)(O)[O-].[K+],0,O=C([O-])O,"InChI=1S/CH2O3/c2-1(3)4/h(H2,2,3,4)/p-1"
C(=O)([O-])[O-].[K+].[K+],0,O=C([O-])[O-],"InChI=1S/CH2O3/c2-1(3)4/h(H2,2,3,4)/p-2"
C(=O)([O-])[O-].[Ca+2],0,O=C([O-])[O-],"InChI=1S/CH2O3/c2-1(3)4/h(H2,2,3,4)/p-2"
C(=O)([O-])[O-].[Na+].[Na+],0,O=C([O-])[O-],"InChI=1S/CH2O3/c2-1(3)4/h(H2,2,3,4)/p-2"
C(=S)(N)S.N,0,NC(=S)S,"InChI=1S/CH3NS2/c2-1(3)4/h(H3,2,3,4)"
C(=O)(N)N.[N+](=O)(O)[O-],0,NC(N)=O,"InChI=1S/CH4N2O/c2-1(3)4/h(H4,2,3,4)"
[NH4+].[O-]Cl(=O)(=O)=O,0,[O-][Cl+3]([O-])([O-])O,"InChI=1S/ClHO4/c2-1(3,4)5/h(H,2,3,4,5)"
[O-][Cr](=O)(=O)[O-].[K+].[K+],0,[O]=[Cr](=[O])([O-])[O-],InChI=1S/Cr.4O/q;;;2*-1
[Li+].[Li+].[O-][Cr](=O)(=O)[O-],0,[O]=[Cr](=[O])([O-])[O-],InChI=1S/Cr.4O/q;;;2*-1
[NH4+].[NH4+].F[Si-2](F)(F)(F)(F)F,0,F[Si-2](F)(F)(F)(F)F,"InChI=1S/F6Si/c1-7(2,3,4,5)6/q-2"
[O-]S(=O)[O-].[K+].[K+],0,O=S([O-])[O-],"InChI=1S/H2O3S/c1-4(2)3/h(H2,1,2,3)/p-2"
[O-]S(=O)(=O)[O-].[Na+].[Na+],0,O=S(=O)([O-])[O-],"InChI=1S/H2O4S/c1-5(2,3)4/h(H2,1,2,3,4)/p-2"
[O-]S(=O)(=O)[O-].[Ca+2],0,O=S(=O)([O-])[O-],"InChI=1S/H2O4S/c1-5(2,3)4/h(H2,1,2,3,4)/p-2"
[O-]S(=O)(=O)[O-].[K+].[K+],0,O=S(=O)([O-])[O-],"InChI=1S/H2O4S/c1-5(2,3)4/h(H2,1,2,3,4)/p-2"
[O-]S(=O)(=O)[O-].[Mg+2],0,O=S(=O)([O-])[O-],"InChI=1S/H2O4S/c1-5(2,3)4/h(H2,1,2,3,4)/p-2"
O.O.O.O.O.O.O.[O-]S(=O)(=O)[O-].[Mg+2],0,O=S(=O)([O-])[O-],"InChI=1S/H2O4S/c1-5(2,3)4/h(H2,1,2,3,4)/p-2"
O.O.[O-]S(=O)(=O)[O-].[Ca+2],0,O=S(=O)([O-])[O-],"InChI=1S/H2O4S/c1-5(2,3)4/h(H2,1,2,3,4)/p-2"
[NH4+].NS(=O)(=O)[O-],0,NS(=O)(=O)O,"InChI=1S/H3NO3S/c1-5(2,3)4/h(H3,1,2,3,4)"
[NH4+].[NH4+].OP(=O)([O-])[O-],0,O=P(O)(O)O,"InChI=1S/H3O4P/c1-5(2,3)4/h(H3,1,2,3,4)"
OP(=O)(O)O,0,O=P(O)(O)O,"InChI=1S/H3O4P/c1-5(2,3)4/h(H3,1,2,3,4)"
OP(=O)(O)[O-].[K+],0,O=P([O-])(O)O,"InChI=1S/H3O4P/c1-5(2,3)4/h(H3,1,2,3,4)/p-1"
OP(=O)([O-])[O-].[Ca+2],0,O=P([O-])([O-])O,"InChI=1S/H3O4P/c1-5(2,3)4/h(H3,1,2,3,4)/p-2"
OP(=O)([O-])[O-].[Na+].[Na+],0,O=P([O-])([O-])O,"InChI=1S/H3O4P/c1-5(2,3)4/h(H3,1,2,3,4)/p-2"
OP(=O)([O-])[O-].[Mg+2],0,O=P([O-])([O-])O,"InChI=1S/H3O4P/c1-5(2,3)4/h(H3,1,2,3,4)/p-2"
[O-]P(=O)([O-])OP(=O)([O-])[O-].[Ca+2].[Ca+2],0,O=P([O-])([O-])OP(=O)([O-])[O-],"InChI=1S/H4O7P2/c1-8(2,3)7-9(4,5)6/h(H2,1,2,3)(H2,4,5,6)/p-4"
[N+](=O)([O-])[O-].[K+],0,O=[N+]([O-])[O-],InChI=1S/NO3/c2-1(3)4/q-1
